Date,AAPL,AMZN,GOOGL,META,MSFT,NVDA,TSLA
2019-01-02,37.617855072021484,76.95649719238281,52.41962814331055,135.04351806640625,94.94551849365234,3.377779006958008,20.674667358398438
2019-01-03,33.87083053588867,75.01399993896484,50.96782684326172,131.1220245361328,91.4526596069336,3.173703670501709,20.02400016784668
2019-01-04,35.3167610168457,78.76950073242188,53.582149505615234,137.30287170410156,95.70604705810547,3.3770363330841064,21.179332733154297
2019-01-07,35.2381591796875,81.47550201416016,53.47528839111328,137.4024200439453,95.82809448242188,3.5558183193206787,22.33066749572754
2019-01-08,35.9099006652832,82.8290023803711,53.94497299194336,141.86141967773438,96.5229263305664,3.467294692993164,22.356666564941406
2019-01-09,36.519710540771484,82.97100067138672,53.76008224487305,143.5534210205078,97.9031753540039,3.535485029220581,22.568666458129883
2019-01-10,36.63643264770508,82.81099700927734,53.61992645263672,143.52357482910156,97.2740707397461,3.601195812225342,22.99799919128418
2019-01-11,36.276737213134766,82.02799987792969,52.90620422363281,143.1254425048828,96.5229263305664,3.6904637813568115,23.150667190551758
2019-01-14,35.731239318847656,80.8604965209961,52.26206588745117,144.70799255371094,95.81871795654297,3.7303857803344727,22.293333053588867
2019-01-15,36.462547302246094,83.72799682617188,54.00163269042969,148.2512969970703,98.59799194335938,3.716252088546753,22.961999893188477
2019-01-16,36.90798568725586,84.18900299072266,54.15073776245117,146.847900390625,98.94538879394531,3.69071102142334,23.06999969482422
2019-01-17,37.12713623046875,84.66100311279297,54.628379821777344,147.60433959960938,99.64020538330078,3.7621240615844727,23.15399932861328
2019-01-18,37.35582733154297,84.80999755859375,55.03493881225586,149.33616638183594,101.13311004638672,3.8913145065307617,20.150667190551758
2019-01-22,36.51734161376953,81.6084976196289,53.609981536865234,146.8777618408203,99.22708129882812,3.6889748573303223,19.92799949645996
2019-01-23,36.66501998901367,82.0009994506836,53.89726257324219,143.6231231689453,100.19419860839844,3.7018685340881348,19.172666549682617
2019-01-24,36.37440490722656,82.74649810791016,53.87688064575195,145.1459197998047,99.71530151367188,3.913879632949829,19.43400001525879
2019-01-25,37.57973861694336,83.52850341796875,54.747161865234375,148.31100463867188,100.62608337402344,3.971158981323242,19.80266761779785
2019-01-28,37.23196029663086,81.89450073242188,53.67111587524414,146.7782440185547,98.66370391845703,3.4221653938293457,19.7586669921875
2019-01-29,36.84605026245117,79.69400024414062,53.18404006958008,143.5135955810547,96.65440368652344,3.2632193565368652,19.83066749572754
2019-01-30,39.363929748535156,83.52149963378906,54.57221221923828,149.71438598632812,99.88433837890625,3.4067912101745605,20.584667205810547
2019-01-31,39.64738464355469,85.9365005493164,55.958892822265625,165.90806579589844,98.05339813232422,3.5644962787628174,20.468000411987305
2019-02-01,39.66644287109375,81.3115005493164,55.59756088256836,164.9326629638672,96.50416564941406,3.588797092437744,20.81399917602539
2019-02-04,40.79317092895508,81.66549682617188,56.73076629638672,168.4560546875,99.28341674804688,3.6991419792175293,20.859333038330078
2019-02-05,41.49110794067383,82.94049835205078,57.25014877319336,170.35711669921875,100.67303466796875,3.7182352542877197,21.42333221435547
2019-02-06,41.50542068481445,82.01300048828125,55.809791564941406,169.6902313232422,99.55570983886719,3.7938647270202637,21.148000717163086
2019-02-07,40.71932601928711,80.71849822998047,54.965850830078125,165.59954833984375,98.84208679199219,3.6554999351501465,20.500667572021484
2019-02-08,40.767173767089844,79.41100311279297,54.790401458740234,166.54507446289062,99.2176742553711,3.674098014831543,20.386667251586914
2019-02-11,40.532711029052734,79.55000305175781,54.77748107910156,165.0122833251953,98.82332611083984,3.6314475536346436,20.856000900268555
2019-02-12,40.88200378417969,81.90049743652344,56.04289627075195,164.26580810546875,100.36317443847656,3.7484867572784424,20.78733253479004
2019-02-13,40.71213912963867,82.0,56.09507751464844,163.30038452148438,100.28807067871094,3.790889024734497,20.544666290283203
2019-02-14,40.8604736328125,81.13249969482422,56.123409271240234,163.18093872070312,100.37258911132812,3.8318023681640625,20.251333236694336
2019-02-15,40.769569396972656,80.39749908447266,55.647762298583984,161.73773193359375,101.61198425292969,3.9014813899993896,20.525333404541016
2019-02-19,40.891563415527344,81.37899780273438,55.98971176147461,161.52870178222656,101.56503295898438,3.8841233253479004,20.375999450683594
2019-02-20,41.154720306396484,81.1050033569336,55.695472717285156,161.7974395751953,101.0369644165039,3.9314849376678467,20.17066764831543
2019-02-21,40.92266082763672,80.97200012207031,54.88135528564453,159.2892608642578,103.16806030273438,3.862551212310791,19.415332794189453
2019-02-22,41.37959671020508,81.5780029296875,55.495174407958984,161.13058471679688,104.6390380859375,3.947354793548584,19.6473331451416
2019-02-25,41.6810302734375,81.6500015258789,55.533447265625,163.84779357910156,105.22368621826172,3.9349565505981445,19.917999267578125
2019-02-26,41.7049560546875,81.81999969482422,55.76605224609375,163.36009216308594,105.94973754882812,3.8955299854278564,19.857332229614258
2019-02-27,41.834129333496094,82.05449676513672,55.809791564941406,162.04627990722656,105.77055358886719,3.8536248207092285,20.982667922973633
2019-02-28,41.42265319824219,81.99150085449219,55.99169921875,160.69265747070312,105.6385498046875,3.829050064086914,21.325332641601562
2019-03-01,41.85805892944336,83.58650207519531,57.083648681640625,161.51876831054688,106.11003875732422,3.883410930633545,19.652666091918945
2019-03-04,42.06856918334961,84.80850219726562,57.32719039916992,166.5848846435547,105.8554458618164,3.8916025161743164,19.02400016784668
2019-03-05,41.99203109741211,84.62149810791016,58.110984802246094,170.4566192626953,105.32740020751953,3.885148763656616,18.43600082397461
2019-03-06,41.75041198730469,83.44750213623047,57.899757385253906,171.70077514648438,105.37454223632812,3.774193286895752,18.416000366210938
2019-03-07,41.26716613769531,81.29750061035156,57.199459075927734,168.33663940429688,104.09212493896484,3.704939842224121,18.439332962036133
2019-03-08,41.36524200439453,81.04000091552734,57.15571594238281,168.80442810058594,104.20528411865234,3.73919415473938,18.94266700744629
2019-03-11,42.798240661621094,83.53099822998047,58.61148452758789,171.26284790039062,106.39293670654297,3.999826192855835,19.39466667175293
2019-03-12,43.27908706665039,83.65499877929688,59.50562286376953,171.11354064941406,107.13784790039062,4.034081935882568,18.890666961669922
2019-03-13,43.4704704284668,84.54049682617188,59.595584869384766,172.55673217773438,107.9676513671875,4.185495853424072,19.263999938964844
2019-03-14,43.95370864868164,84.31099700927734,59.27103042602539,169.3717498779297,108.0525131225586,4.109538555145264,19.33066749572754
2019-03-15,44.52547073364258,85.61799621582031,59.160194396972656,165.20140075683594,109.2972183227539,4.21503210067749,18.36199951171875
2019-03-18,44.980010986328125,87.10749816894531,59.073219299316406,159.71726989746094,110.86251068115234,4.193687438964844,17.965999603271484
2019-03-19,44.623558044433594,88.09249877929688,59.76457595825195,160.8120880126953,110.93795776367188,4.361483097076416,17.83133316040039
2019-03-20,45.013511657714844,89.8635025024414,60.95592498779297,164.6639404296875,110.81534576416016,4.32896614074707,18.239999771118164
2019-03-21,46.67136001586914,90.96299743652344,61.43803405761719,165.30093383789062,113.36132049560547,4.565768241882324,18.26799964904785
2019-03-22,45.70487976074219,88.2385025024414,60.022525787353516,163.56907653808594,110.37216186523438,4.405914783477783,17.635332107543945
2019-03-25,45.152259826660156,88.71299743652344,59.5120849609375,165.5099639892578,110.9473648071289,4.313577175140381,17.3613338470459
2019-03-26,44.685752868652344,89.18800354003906,59.13733673095703,166.89340209960938,111.18309783935547,4.39027738571167,17.851333618164062
2019-03-27,45.08766174316406,88.28500366210938,58.54935836791992,165.0919189453125,110.108154296875,4.381093502044678,18.32200050354004
2019-03-28,45.14746856689453,88.6709976196289,58.26407241821289,164.7734375,110.25901794433594,4.399709701538086,18.57466697692871
2019-03-29,45.44173049926758,89.0374984741211,58.49369430541992,165.90806579589844,111.2114028930664,4.4570488929748535,18.657333374023438
2019-04-01,45.75032424926758,90.70950317382812,59.59160614013672,167.9086456298828,112.22976684570312,4.524563312530518,19.278667449951172
2019-04-02,46.415382385253906,90.6989974975586,59.91765213012695,173.38284301757812,112.39009857177734,4.542435646057129,19.058666229248047
2019-04-03,46.73356628417969,91.03500366210938,60.17958450317383,172.72592163085938,113.12560272216797,4.681936264038086,19.45400047302246
2019-04-04,46.81490707397461,90.94300079345703,60.6090087890625,175.19432067871094,112.5503921508789,4.673000812530518,17.851999282836914
2019-04-05,47.1282958984375,91.86399841308594,60.21139144897461,174.89572143554688,113.05014038085938,4.739771842956543,18.33066749572754
2019-04-08,47.869911193847656,92.49299621582031,60.05384063720703,174.10940551757812,113.08784484863281,4.760621547698975,18.213333129882812
2019-04-09,47.72636032104492,91.79199981689453,59.776004791259766,176.7469940185547,112.47496032714844,4.697821140289307,18.15399932861328
2019-04-10,47.99431228637695,92.36650085449219,59.96288299560547,176.9858856201172,113.3330307006836,4.768316268920898,18.40399932861328
2019-04-11,47.594791412353516,92.20349884033203,60.11894607543945,176.67730712890625,113.46504974365234,4.754416465759277,17.89466667175293
2019-04-12,47.575653076171875,92.15299987792969,60.77203369140625,178.25985717773438,114.04966735839844,4.716437816619873,17.84666633605957
2019-04-15,47.661773681640625,92.24349975585938,60.96089553833008,178.80728149414062,114.14398956298828,4.584634304046631,17.7586669921875
2019-04-16,47.66654968261719,93.1520004272461,61.228294372558594,178.03094482421875,113.87995147705078,4.671759128570557,18.224000930786133
2019-04-17,48.59477233886719,93.24099731445312,61.6373405456543,177.9413604736328,114.8228988647461,4.648922920227051,18.082000732421875
2019-04-18,48.769412994384766,93.08450317382812,61.70344543457031,177.44371032714844,116.33160400390625,4.6243486404418945,18.21733283996582
2019-04-22,48.929691314697266,94.3655014038086,62.31427764892578,180.58889770507812,116.6993637084961,4.678213596343994,17.516666412353516
2019-04-23,49.63542556762695,96.1884994506836,63.150760650634766,182.9179229736328,118.28353118896484,4.732820510864258,17.593332290649414
2019-04-24,49.55887222290039,95.0875015258789,62.62690353393555,181.72352600097656,117.87805938720703,4.745233058929443,17.243999481201172
2019-04-25,49.1091194152832,95.11250305175781,62.98923110961914,192.35342407226562,121.7818374633789,4.639490604400635,16.5086669921875
2019-04-26,48.874671936035156,97.53150177001953,63.4902229309082,190.59173583984375,122.47965240478516,4.420560359954834,15.675999641418457
2019-04-29,48.9488410949707,96.92150115966797,64.42362976074219,193.86631774902344,122.36649322509766,4.451341152191162,16.097999572753906
2019-04-30,48.00625991821289,96.32599639892578,59.590614318847656,192.4927978515625,123.14913177490234,4.492792129516602,15.912667274475098
2019-05-01,50.36268997192383,95.57599639892578,58.316253662109375,192.12451171875,120.58429718017578,4.479637622833252,15.600666999816895
2019-05-02,50.03493118286133,95.04100036621094,57.977787017822266,191.62686157226562,119.00957489013672,4.547152042388916,16.273332595825195
2019-05-03,50.65693664550781,98.12300109863281,59.122920989990234,194.55307006835938,121.5461196899414,4.542685508728027,17.00200080871582
2019-05-06,49.87465286254883,97.52749633789062,59.317256927490234,192.9705352783203,120.83890533447266,4.46424674987793,17.022666931152344
2019-05-07,48.53017807006836,96.05000305175781,58.59160614013672,188.8798065185547,118.35895538330078,4.2969465255737305,16.470666885375977
2019-05-08,48.53974151611328,95.88849639892578,58.19001388549805,188.65087890625,118.34952545166016,4.317052841186523,16.32266616821289
2019-05-09,48.01823043823242,94.99349975585938,58.050350189208984,187.76504516601562,118.34011840820312,4.224465847015381,16.131999969482422
2019-05-10,47.3530158996582,94.4990005493164,58.03395080566406,187.45651245117188,119.87708282470703,4.190459251403809,15.968000411987305
2019-05-13,44.60087585449219,91.13400268554688,56.49070739746094,180.68841552734375,116.31273651123047,3.9330544471740723,15.133999824523926
2019-05-14,45.306922912597656,92.00599670410156,55.9077033996582,179.88221740722656,117.61402893066406,4.022165775299072,15.487333297729492
2019-05-15,45.849666595458984,93.55750274658203,58.191009521484375,185.39622497558594,119.270263671875,3.961104154586792,15.463333129882812
2019-05-16,45.6479377746582,95.37850189208984,58.87192153930664,186.11285400390625,122.02442169189453,3.976245164871216,15.222000122070312
2019-05-17,45.388572692871094,93.44999694824219,58.09061050415039,184.4307861328125,121.21051788330078,3.88539719581604,14.0686674118042
2019-05-20,43.969276428222656,92.94850158691406,56.89180374145508,181.8628692626953,119.45957946777344,3.766746997833252,13.690667152404785
2019-05-21,44.81221389770508,92.8759994506836,57.37788772583008,183.95303344726562,120.10316467285156,3.848907470703125,13.67199993133545
2019-05-22,43.89482879638672,92.98400115966797,57.44796371459961,184.45066833496094,120.83191680908203,3.777916669845581,12.84866714477539
2019-05-23,43.14556121826172,90.77400207519531,56.92559814453125,180.0215606689453,119.42172241210938,3.656785249710083,13.03266716003418
2019-05-24,42.979854583740234,91.16400146484375,56.59110641479492,180.21066284179688,119.47850799560547,3.6029212474823,12.708666801452637
2019-05-28,42.80215072631836,91.82150268554688,56.63832092285156,183.44541931152344,119.40279388427734,3.5577449798583984,12.579999923706055
2019-05-29,42.5980224609375,90.95950317382812,55.66316604614258,181.33535766601562,118.24813079833984,3.483527660369873,12.657333374023438
2019-05-30,42.818973541259766,90.81600189208984,55.736228942871094,182.1515350341797,118.99583435058594,3.456937551498413,12.54800033569336
2019-05-31,42.04327392578125,88.75350189208984,54.995174407958984,176.63751220703125,117.05561828613281,3.3662326335906982,12.343999862670898
2019-06-03,41.618202209472656,84.6344985961914,51.62737274169922,163.37997436523438,113.42130279541016,3.3244848251342773,11.9313325881958
2019-06-04,43.14076232910156,86.47799682617188,52.410179138183594,166.71429443359375,116.56348419189453,3.553605318069458,12.90666675567627
2019-06-05,43.837196350097656,86.92500305175781,51.92061233520508,167.38111877441406,119.0904769897461,3.5108630657196045,13.105999946594238
2019-06-06,44.48080062866211,87.71800231933594,52.07569122314453,167.54037475585938,120.97386169433594,3.572988986968994,13.729999542236328
2019-06-07,45.66474533081055,90.20149993896484,53.100040435791016,172.53683471679688,124.36209106445312,3.6157314777374268,13.633333206176758
2019-06-10,46.24831771850586,93.03150177001953,53.81525802612305,173.9999542236328,125.49785614013672,3.6885435581207275,14.192000389099121
2019-06-11,46.783851623535156,93.18499755859375,53.72976303100586,177.26454162597656,125.02465057373047,3.7461957931518555,14.473333358764648
2019-06-12,46.63495635986328,92.76599884033203,53.63334274291992,174.21890258789062,124.44731140136719,3.633126974105835,13.950667381286621
2019-06-13,46.625362396240234,93.51499938964844,54.22528839111328,176.63751220703125,125.2328872680664,3.6843183040618896,14.260666847229004
2019-06-14,46.286739349365234,93.4834976196289,53.99119567871094,180.47940063476562,125.35591888427734,3.594359874725342,14.32800006866455
2019-06-17,46.56291961669922,94.30149841308594,54.368431091308594,188.1233673095703,125.73448944091797,3.6040523052215576,15.001999855041504
2019-06-18,47.657997131347656,95.06849670410156,54.932552337646484,187.58592224121094,127.92076873779297,3.7991273403167725,14.982666969299316
2019-06-19,47.51871871948242,95.43949890136719,54.89626693725586,186.6005401611328,128.42239379882812,3.805091381072998,15.095333099365234
2019-06-20,47.90055847167969,95.90950012207031,55.32817459106445,188.64093017578125,129.6148681640625,3.829444408416748,14.641332626342773
2019-06-21,47.73723602294922,95.56500244140625,55.93305206298828,190.24337768554688,129.63381958007812,3.7712953090667725,14.790666580200195
2019-06-24,47.68921661376953,95.69499969482422,55.50213623046875,191.696533203125,130.40037536621094,3.7936596870422363,14.909333229064941
2019-06-25,46.96636962890625,93.91349792480469,54.0548210144043,187.9541778564453,126.28338623046875,3.7643368244171143,14.650667190551758
2019-06-26,47.98221969604492,94.8915023803711,53.69397735595703,186.7797088623047,126.75664520263672,3.9576728343963623,14.618000030517578
2019-06-27,47.96780776977539,95.21399688720703,53.51057815551758,188.61106872558594,126.96482849121094,4.056329727172852,14.855999946594238
2019-06-28,47.53072738647461,94.68150329589844,53.817237854003906,192.0946502685547,126.78501892089844,4.081180095672607,14.897333145141602
2019-07-01,48.40247344970703,96.1094970703125,54.672115325927734,192.0946502685547,128.4128875732422,4.129388809204102,15.14466667175293
2019-07-02,48.68585205078125,96.71549987792969,55.29835891723633,194.0852813720703,129.2646942138672,4.031476974487305,14.970000267028809
2019-07-03,49.08930587768555,96.94999694824219,55.81476593017578,196.2749481201172,130.0975799560547,4.044401168823242,15.65999984741211
2019-07-05,49.04607009887695,97.14550018310547,56.295875549316406,195.4786834716797,129.71897888183594,3.981778383255005,15.539999961853027
2019-07-08,48.03504943847656,97.61599731445312,55.50660705566406,194.8417205810547,129.6243133544922,3.9067299365997314,15.355999946594238
2019-07-09,48.328025817871094,99.41500091552734,55.87937545776367,198.27552795410156,129.15110778808594,3.909214973449707,15.337332725524902
2019-07-10,48.80591583251953,100.87049865722656,56.70541763305664,201.7790069580078,130.46669006347656,3.977553129196167,15.928000450134277
2019-07-11,48.450496673583984,100.05349731445312,56.862972259521484,200.28604125976562,130.98724365234375,4.1321234703063965,15.90666675567627
2019-07-12,48.82273864746094,100.55000305175781,56.92559814453125,203.9089813232422,131.4604034423828,4.165173530578613,16.338666915893555
2019-07-15,49.28142166137695,101.04949951171875,57.182559967041016,202.95347595214844,131.4604034423828,4.15672492980957,16.899999618530273
2019-07-16,49.110923767089844,100.49500274658203,57.32917404174805,202.88380432128906,129.7378692626953,4.152003765106201,16.825332641601562
2019-07-17,48.834754943847656,99.60150146484375,56.99517822265625,200.85337829589844,128.9713134765625,4.217360019683838,16.99066734313965
2019-07-18,49.389488220214844,98.8949966430664,57.02003479003906,199.83815002441406,129.11325073242188,4.229040622711182,16.902666091918945
2019-07-19,48.65222930908203,98.22599792480469,56.24020767211914,197.4295196533203,129.30252075195312,4.185799598693848,17.211999893188477
2019-07-22,49.764129638671875,99.28150177001953,56.62092208862305,201.37094116210938,131.01560974121094,4.2573699951171875,17.045333862304688
2019-07-23,50.15317153930664,99.72450256347656,57.0602912902832,201.41075134277344,131.8295440673828,4.365218639373779,17.344667434692383
2019-07-24,50.11235427856445,100.04049682617188,56.64677047729492,203.699951171875,133.1829833984375,4.4397711753845215,17.658666610717773
2019-07-25,49.71609115600586,98.69100189208984,56.458404541015625,199.7684783935547,132.68133544921875,4.308559894561768,15.254667282104492
2019-07-26,49.88900375366211,97.15249633789062,61.889827728271484,198.81298828125,133.7697296142578,4.350557804107666,15.202667236328125
2019-07-29,50.35490036010742,95.62249755859375,61.721832275390625,195.02085876464844,133.476318359375,4.344344615936279,15.718000411987305
2019-07-30,50.138755798339844,94.92649841308594,61.03396224975586,196.11570739746094,132.832763671875,4.360001564025879,16.150667190551758
2019-07-31,51.161800384521484,93.33899688720703,60.546878814697266,193.31887817382812,128.9713134765625,4.1927571296691895,16.107332229614258
2019-08-01,50.05470275878906,92.76599884033203,60.22779846191406,191.82591247558594,130.66542053222656,4.098325729370117,15.59000015258789
2019-08-02,48.99563980102539,91.16200256347656,59.45940017700195,188.13333129882812,129.5675506591797,4.005634784698486,15.62266731262207
2019-08-05,46.43083572387695,88.25650024414062,57.39329147338867,180.8775177001953,125.1287612915039,3.7471909523010254,15.221332550048828
2019-08-06,47.30978012084961,89.3915023803711,58.20492935180664,183.6444549560547,127.47590637207031,3.7859561443328857,15.383333206176758
2019-08-07,47.79969024658203,89.66999816894531,58.444984436035156,184.28146362304688,128.03431701660156,3.8242263793945312,15.561332702636719
2019-08-08,48.85395812988281,91.64450073242188,59.9499626159668,189.26797485351562,131.45095825195312,3.9328224658966064,15.886667251586914
2019-08-09,48.45137405395508,90.37899780273438,59.09061050415039,186.9688262939453,130.33421325683594,3.831433057785034,15.667332649230957
2019-08-12,48.32843017578125,89.24600219726562,58.374908447265625,184.50045776367188,128.5169677734375,3.7635915279388428,15.267333030700684
2019-08-13,50.375064849853516,91.21700286865234,59.47977828979492,187.5659942626953,131.17648315429688,3.8779029846191406,15.666666984558105
2019-08-14,48.87565231323242,88.14800262451172,57.86546325683594,178.86700439453125,127.22622680664062,3.729297637939453,14.641332626342773
2019-08-15,48.63216781616211,88.80599975585938,58.11745071411133,181.73348999023438,126.94132232666016,3.6969926357269287,14.37600040435791
2019-08-16,49.77963638305664,89.62850189208984,58.6089973449707,182.83828735351562,129.267822265625,3.965128183364868,14.662667274475098
2019-08-19,50.70773696899414,90.80599975585938,59.66416931152344,185.29669189453125,131.43289184570312,4.243950366973877,15.121999740600586
2019-08-20,50.710140228271484,90.06900024414062,58.82371139526367,182.94776916503906,130.34085083007812,4.171634674072266,15.057332992553711
2019-08-21,51.259769439697266,91.177001953125,59.22381591796875,182.68899536132812,131.7937774658203,4.255132675170898,14.722000122070312
2019-08-22,51.21638107299805,90.23300170898438,59.22083282470703,181.18606567382812,130.83462524414062,4.2613444328308105,14.8100004196167
2019-08-23,48.84913635253906,87.48100280761719,57.335147857666016,176.91619873046875,126.66594696044922,4.0366950035095215,14.09333324432373
2019-08-26,49.7772331237793,88.44349670410156,58.20989227294922,179.51394653320312,128.62210083007812,4.1114983558654785,14.333333015441895
2019-08-27,49.215553283691406,88.09149932861328,58.19200897216797,180.4495391845703,128.89747619628906,4.020791530609131,14.272000312805176
2019-08-28,49.545806884765625,88.2125015258789,58.33762741088867,180.90737915039062,128.7265167236328,4.010344982147217,14.37266731262207
2019-08-29,50.38471984863281,89.31999969482422,59.356021881103516,184.6995086669922,131.15750122070312,4.154122829437256,14.780667304992676
2019-08-30,50.319618225097656,88.81449890136719,59.171630859375,184.79904174804688,130.91062927246094,4.16680908203125,15.040666580200195
2019-09-03,49.586788177490234,89.49199676513672,58.12888717651367,181.53443908691406,129.182373046875,4.0837273597717285,15.000666618347168
2019-09-04,50.4281005859375,90.03099822998047,58.761085510253906,186.2621307373047,130.6922149658203,4.197903633117676,14.711999893188477
2019-09-05,51.41405487060547,92.03600311279297,60.2481689453125,190.00450134277344,132.99020385742188,4.471030235290527,15.305333137512207
2019-09-06,51.40922927856445,91.67549896240234,59.956424713134766,186.6105194091797,132.08811950683594,4.4439167976379395,15.16333293914795
2019-09-09,51.62860107421875,91.56749725341797,59.904232025146484,187.8745574951172,130.58775329589844,4.489935398101807,15.452667236328125
2019-09-10,52.23849105834961,91.02749633789062,59.92560577392578,185.29669189453125,129.22032165527344,4.5565996170043945,15.702667236328125
2019-09-11,53.899417877197266,91.14949798583984,60.6363410949707,187.60580444335938,129.25833129882812,4.585206985473633,16.47333335876465
2019-09-12,53.77888870239258,92.17749786376953,61.3803825378418,186.59060668945312,130.58775329589844,4.583713531494141,16.391332626342773
2019-09-13,52.732669830322266,91.96700286865234,61.631874084472656,186.31192016601562,130.39785766601562,4.525754928588867,16.34666633605957
2019-09-16,53.009891510009766,90.39199829101562,61.21437454223633,185.34646606445312,129.45777893066406,4.482720851898193,16.187332153320312
2019-09-17,53.20274353027344,91.12750244140625,61.12739944458008,187.19773864746094,130.4643096923828,4.504114151000977,16.319332122802734
2019-09-18,53.70174789428711,90.87300109863281,61.26506805419922,187.25746154785156,131.53732299804688,4.476999759674072,16.232667922973633
2019-09-19,53.26543045043945,91.07499694824219,61.56825256347656,189.24807739257812,133.95880126953125,4.401379585266113,16.440000534057617
2019-09-20,52.486785888671875,89.70800018310547,61.12541198730469,189.03904724121094,132.4110107421875,4.295661449432373,16.041332244873047
2019-09-23,52.72544479370117,89.26499938964844,61.3664665222168,185.94363403320312,132.1260986328125,4.3491435050964355,16.082000732421875
2019-09-24,52.4747314453125,87.08049774169922,60.55333709716797,180.42962646484375,130.45481872558594,4.291680335998535,14.880666732788086
2019-09-25,53.28229904174805,88.41649627685547,61.92560958862305,181.9425048828125,132.33502197265625,4.433469772338867,15.24666690826416
2019-09-26,53.007484436035156,86.99199676513672,61.744197845458984,179.26512145996094,132.5059051513672,4.411330223083496,16.17066764831543
2019-09-27,52.749542236328125,86.27249908447266,60.93206787109375,176.26925659179688,130.7871551513672,4.272528171539307,16.142000198364258
2019-09-30,53.991024017333984,86.79550170898438,60.69300079345703,177.24465942382812,132.02166748046875,4.329989433288574,16.058000564575195
2019-10-01,54.14047622680664,86.78250122070312,59.940513610839844,174.98529052734375,130.16043090820312,4.328247547149658,16.312667846679688
2019-10-02,52.783302307128906,85.6614990234375,58.54488754272461,173.7809600830078,127.86241149902344,4.304368495941162,16.208667755126953
2019-10-03,53.23167037963867,86.22100067138672,59.1169548034668,178.53855895996094,129.4102783203125,4.5100836753845215,15.535332679748535
2019-10-04,54.72386169433594,86.98249816894531,60.187034606933594,179.603515625,131.15750122070312,4.52650260925293,15.428667068481445
2019-10-07,54.73590850830078,86.63300323486328,60.05234146118164,178.83714294433594,130.20794677734375,4.585206985473633,15.847999572753906
2019-10-08,54.09467697143555,85.27549743652344,59.15174865722656,176.91619873046875,128.8310089111328,4.408593654632568,16.003332138061523
2019-10-09,54.72868347167969,86.09950256347656,59.761592864990234,179.00634765625,131.27145385742188,4.495159149169922,16.302000045776367
2019-10-10,55.466331481933594,86.01300048828125,60.112979888916016,179.1854705810547,132.08811950683594,4.552868843078613,16.31599998474121
2019-10-11,56.9416389465332,86.59600067138672,60.423126220703125,183.32598876953125,132.6388702392578,4.626500129699707,16.525999069213867
2019-10-14,56.85968780517578,86.82150268554688,60.525508880615234,182.42025756835938,132.5154266357422,4.6399312019348145,17.130666732788086
2019-10-15,56.72709274291992,88.36900329589844,61.74171447753906,188.00392150878906,134.43359375,4.884701251983643,17.19266700744629
2019-10-16,56.49808120727539,88.87149810791016,61.77948760986328,188.6608428955078,133.33209228515625,4.830970764160156,17.316667556762695
2019-10-17,56.717445373535156,89.3740005493164,62.26656723022461,189.49688720703125,132.64833068847656,4.8329620361328125,17.46466636657715
2019-10-18,56.9898567199707,87.87550354003906,61.84956741333008,184.9781951904297,130.48329162597656,4.738435745239258,17.1299991607666
2019-10-21,57.978206634521484,89.28299713134766,61.84310531616211,188.86984252929688,131.4518585205078,4.875746726989746,16.899999618530273
2019-10-22,57.845638275146484,88.2864990234375,61.69002914428711,181.48463439941406,129.4957275390625,4.865795612335205,17.038667678833008
2019-10-23,58.621849060058594,88.1084976196289,62.50662612915039,185.27679443359375,130.32186889648438,4.852861404418945,16.978666305541992
2019-10-24,58.71828079223633,89.03900146484375,62.5801887512207,185.5057373046875,132.88577270507812,4.8968892097473145,19.978666305541992
2019-10-25,59.441463470458984,88.06649780273438,62.838138580322266,187.0086212158203,133.6359405517578,5.0879292488098145,21.875333786010742
2019-10-28,60.03691101074219,88.85399627685547,64.06477355957031,188.51153564453125,136.92149353027344,5.143897533416748,21.847333908081055
2019-10-29,58.648372650146484,88.135498046875,62.6572265625,188.4219512939453,135.63009643554688,5.047632217407227,21.08133316040039
2019-10-30,58.641136169433594,88.99949645996094,62.659210205078125,187.36692810058594,137.32034301757812,5.049623012542725,21.000667572021484
2019-10-31,59.96699142456055,88.83300018310547,62.56477737426758,190.75099182128906,136.14283752441406,5.000369548797607,20.994667053222656
2019-11-01,61.66890335083008,89.5719985961914,63.2332649230957,192.7117462158203,136.4752197265625,5.039425373077393,20.887332916259766
2019-11-04,62.07387924194336,90.23300170898438,64.0960922241211,193.80657958984375,137.26339721679688,5.236184120178223,21.1646671295166
2019-11-05,61.98470687866211,90.08550262451172,64.18704986572266,193.40846252441406,137.17791748046875,5.214046001434326,21.148000717163086
2019-11-06,62.011207580566406,89.78849792480469,64.1656723022461,190.65147399902344,136.798095703125,5.164793014526367,21.77199935913086
2019-11-07,62.72690200805664,89.41000366210938,64.95742797851562,189.52676391601562,136.98797607421875,5.182455539703369,22.369333267211914
2019-11-08,62.898555755615234,89.29399871826172,65.05982208251953,189.9447784423828,138.60226440429688,5.168525218963623,22.47599983215332
2019-11-11,63.39663314819336,88.5824966430664,64.52701568603516,188.7205810546875,138.74473571777344,5.178475379943848,23.006000518798828
2019-11-12,63.33861541748047,88.9000015258789,64.47383117675781,193.55775451660156,139.65634155273438,5.214046001434326,23.32866668701172
2019-11-13,63.945499420166016,87.65550231933594,64.42263793945312,192.28378295898438,139.8842315673828,5.188177585601807,23.073999404907227
2019-11-14,63.503028869628906,87.7300033569336,65.0672607421875,192.2439422607422,140.59642028808594,5.218523979187012,23.290000915527344
2019-11-15,64.2574234008789,86.97450256347656,66.27950286865234,194.18482971191406,142.41015625,5.079224109649658,23.47800064086914
2019-11-18,64.5813980102539,87.62650299072266,65.59858703613281,196.4739990234375,142.76148986816406,5.280462265014648,23.332666397094727
2019-11-19,64.38556671142578,87.6395034790039,65.23825073242188,198.385009765625,142.80899047851562,5.1737494468688965,23.968000411987305
2019-11-20,63.63602828979492,87.27649688720703,64.70494842529297,196.58349609375,142.56124877929688,5.253098964691162,23.481332778930664
2019-11-21,63.35071563720703,86.7354965209961,64.61946105957031,197.00152587890625,142.42784118652344,5.228225231170654,23.655332565307617
2019-11-22,63.295101165771484,87.28600311279297,64.29788208007812,197.88735961914062,142.53268432617188,5.24588680267334,22.202667236328125
2019-11-25,64.4048843383789,88.69200134277344,64.89281463623047,198.85281372070312,144.0952911376953,5.502596378326416,22.422666549682617
2019-11-26,63.90198516845703,89.84700012207031,65.25862884521484,198.03665161132812,144.8575897216797,5.397872447967529,21.92799949645996
2019-11-27,64.76033782958984,90.92549896240234,65.21538543701172,201.05242919921875,145.13388061523438,5.432723045349121,22.086000442504883
2019-11-29,64.61768341064453,90.04000091552734,64.8157730102539,200.69412231445312,144.23822021484375,5.395382881164551,21.996000289916992
2019-12-02,63.87055587768555,89.08000183105469,64.05880737304688,198.76321411132812,142.4945526123047,5.2089314460754395,22.32466697692871
2019-12-03,62.73173522949219,88.49800109863281,64.35105895996094,197.88735961914062,142.265869140625,5.169352054595947,22.413333892822266
2019-12-04,63.28541946411133,88.03450012207031,65.55384063720703,197.7778778076172,142.78042602539062,5.213162422180176,22.20199966430664
2019-12-05,64.21388244628906,87.02400207519531,65.95246124267578,198.42481994628906,142.8566436767578,5.196236610412598,22.024667739868164
2019-12-06,65.4542465209961,87.58000183105469,66.57025146484375,200.10690307617188,144.5908203125,5.281620502471924,22.392667770385742
2019-12-09,64.53788757324219,87.47550201416016,66.74917602539062,200.39553833007812,144.21917724609375,5.281620502471924,22.635332107543945
2019-12-10,64.91507720947266,86.96050262451172,66.74420928955078,199.927734375,144.0000457763672,5.326676845550537,23.256000518798828
2019-12-11,65.46875762939453,87.43599700927734,66.81181335449219,201.3112030029297,144.5430908203125,5.410317897796631,23.51333236694336
2019-12-12,65.63558197021484,88.0165023803711,67.02253723144531,195.82705688476562,146.01046752929688,5.57785177230835,23.978666305541992
2019-12-13,66.52779388427734,88.0469970703125,66.94202423095703,193.19943237304688,147.2396240234375,5.5758585929870605,23.892667770385742
2019-12-16,67.6666030883789,88.46050262451172,67.62940979003906,196.99156188964844,148.19247436523438,5.604735374450684,25.433332443237305
2019-12-17,67.79959869384766,89.53299713134766,67.34063720703125,197.45936584472656,147.39207458496094,5.682901859283447,25.266000747680664
2019-12-18,67.6375961303711,89.20149993896484,67.19252014160156,201.5500946044922,147.087158203125,5.713270664215088,26.209999084472656
2019-12-19,67.70531463623047,89.61399841308594,67.41767120361328,205.0933837890625,148.36395263671875,5.861385822296143,26.93600082397461
2019-12-20,67.5650634765625,89.32499694824219,67.1582260131836,205.332275390625,149.9837188720703,5.958719253540039,27.03933334350586
2019-12-23,68.6676254272461,89.6500015258789,67.12890625,205.21282958984375,149.9837188720703,5.945026874542236,27.947999954223633
2019-12-24,68.73289489746094,89.46050262451172,66.82074737548828,204.1577911376953,149.9551544189453,5.940049171447754,28.350000381469727
2019-12-26,70.0965805053711,93.4384994506836,67.71737670898438,206.8152618408203,151.18429565429688,5.954237937927246,28.729333877563477
2019-12-27,70.06997680664062,93.48999786376953,67.32821655273438,207.12384033203125,151.4606475830078,5.896485805511475,28.691999435424805
2019-12-30,70.48584747314453,92.34449768066406,66.58615112304688,203.45115661621094,150.15528869628906,5.783221244812012,27.64666748046875
2019-12-31,71.00086975097656,92.39199829101562,66.57025146484375,204.2871856689453,150.2600555419922,5.857404708862305,27.8886661529541
2020-01-02,72.6208267211914,94.90049743652344,68.0260238647461,208.79592895507812,153.0422821044922,5.972161769866943,28.68400001525879
2020-01-03,71.91483306884766,93.74849700927734,67.67015075683594,207.69114685058594,151.1366424560547,5.8765716552734375,29.534000396728516
2020-01-06,72.48783874511719,95.14399719238281,69.47383880615234,211.6027069091797,151.5272979736328,5.901214599609375,30.1026668548584
2020-01-07,72.14693450927734,95.34300231933594,69.33964538574219,212.060546875,150.14573669433594,5.972659587860107,31.270666122436523
2020-01-08,73.3074951171875,94.59850311279297,69.83319091796875,214.21041870117188,152.53732299804688,5.983861446380615,32.80933380126953
2020-01-09,74.86461639404297,95.05249786376953,70.56629943847656,217.2760009765625,154.4429473876953,6.04957914352417,32.089332580566406
2020-01-10,75.03388214111328,94.15799713134766,71.02204895019531,217.03709411621094,153.72837829589844,6.081941604614258,31.876667022705078
2020-01-13,76.63692474365234,94.56500244140625,71.57225799560547,220.86904907226562,155.5768280029297,6.272624969482422,34.990665435791016
2020-01-14,75.60208129882812,93.47200012207031,71.10308074951172,218.0323944091797,154.48106384277344,6.155624866485596,35.861331939697266
2020-01-15,75.27808380126953,93.10099792480469,71.53099822998047,220.1125946044922,155.48155212402344,6.1130571365356445,34.56666564941406
2020-01-16,76.2210464477539,93.89700317382812,72.07573699951172,220.72970581054688,158.33045959472656,6.1966986656188965,34.232666015625
2020-01-17,77.06490325927734,93.23600006103516,73.53498840332031,221.0979766845703,159.2165985107422,6.205410957336426,34.03333282470703
2020-01-21,76.54263305664062,94.5999984741211,73.6706771850586,220.4012451171875,158.64486694335938,6.172056674957275,36.47999954223633
2020-01-22,76.81584930419922,94.37300109863281,73.75118255615234,220.2818145751953,157.88265991210938,6.226072788238525,37.97066879272461
2020-01-23,77.185791015625,94.22899627685547,73.79194641113281,218.7291259765625,158.85455322265625,6.294529914855957,38.14666748046875
2020-01-24,76.96331787109375,93.08200073242188,72.8714599609375,216.91766357421875,157.25376892089844,6.235284328460693,37.654666900634766
2020-01-27,74.70021057128906,91.41699981689453,71.15973663330078,213.86207580566406,154.62399291992188,5.979380130767822,37.201332092285156
2020-01-28,76.81343841552734,92.6624984741211,72.09264373779297,216.7683563232422,157.6539764404297,6.172802448272705,37.793331146240234
2020-01-29,78.42129516601562,92.9000015258789,72.40078735351562,222.18284606933594,160.11221313476562,6.112311363220215,38.732666015625
2020-01-30,78.30767822265625,93.53399658203125,72.27902221679688,208.547119140625,164.6286163330078,6.1190314292907715,42.72066879272461
2020-01-31,74.83560180664062,100.43599700927734,71.2119140625,200.96287536621094,162.19888305664062,5.885531425476074,43.371334075927734
2020-02-03,74.63008117675781,100.20999908447266,73.68805694580078,203.232177734375,166.1531219482422,5.982616901397705,52.0
2020-02-04,77.09390258789062,102.4834976196289,71.83965301513672,208.84568786621094,171.62234497070312,6.151891708374023,59.137332916259766
2020-02-05,77.72254943847656,101.99349975585938,71.87146759033203,209.12440490722656,171.41268920898438,6.242254257202148,48.97999954223633
2020-02-06,78.63166046142578,102.5114974975586,73.3585433959961,209.86094665527344,174.9667510986328,6.329133033752441,49.930667877197266
2020-02-07,77.56285095214844,103.96399688720703,73.51461029052734,211.33399963378906,175.2144775390625,6.262916088104248,49.871334075927734
2020-02-10,77.93125915527344,106.69550323486328,74.9832992553711,212.060546875,179.7975311279297,6.546202659606934,51.41866683959961
2020-02-11,77.46104431152344,107.54000091552734,75.05288696289062,206.21810913085938,175.738525390625,6.66867733001709,51.62533187866211
2020-02-12,79.30059051513672,108.0,75.47882843017578,209.77133178710938,175.99578857421875,6.784430980682373,51.15266799926758
2020-02-13,78.73589324951172,107.49349975585938,75.21839904785156,212.1401824951172,175.04296875,6.74061918258667,53.599998474121094
2020-02-14,78.75526428222656,106.74349975585938,75.48380279541016,213.17529296875,176.60560607910156,7.213840961456299,53.33533477783203
2020-02-18,77.31324005126953,107.78350067138672,75.51908874511719,216.7783203125,178.3969268798828,7.3826189041137695,57.22666549682617
2020-02-19,78.43292999267578,108.51100158691406,75.7889633178711,216.46978759765625,178.9319305419922,7.833935260772705,61.16133117675781
2020-02-20,77.62828826904297,107.65499877929688,75.3973159790039,213.5734100341797,176.19940185546875,7.684574604034424,59.96066665649414
2020-02-21,75.87117767333984,104.79850006103516,73.73080444335938,209.1940460205078,170.62930297851562,7.320385456085205,60.06666564941406
2020-02-24,72.26728820800781,100.4645004272461,70.56976318359375,199.77845764160156,163.27252197265625,6.802852630615234,55.58599853515625
2020-02-25,69.81941223144531,98.63700103759766,68.90277099609375,195.84698486328125,160.57826232910156,6.5233001708984375,53.32733154296875
2020-02-26,70.92700958251953,98.97949981689453,69.1090316772461,196.2749481201172,162.58462524414062,6.662703037261963,51.91999816894531
2020-02-27,66.29063415527344,94.21499633789062,65.35553741455078,188.8599090576172,151.1290740966797,6.291818618774414,45.266666412353516
2020-02-28,66.25186920166016,94.1875,66.56329345703125,191.56715393066406,154.78834533691406,6.726966381072998,44.53266525268555
2020-03-02,72.4199447631836,97.69750213623047,68.90277099609375,195.51852416992188,165.08779907226562,6.885381698608398,49.574668884277344
2020-03-03,70.11992645263672,95.44950103759766,66.48725891113281,185.0179901123047,157.17694091796875,6.622849941253662,49.70066833496094
2020-03-04,73.37242889404297,98.79149627685547,68.66817474365234,190.8604736328125,162.94766235351562,7.086641311645508,49.96666717529297
2020-03-05,70.9924545288086,96.20149993896484,65.34609985351562,184.30137634277344,158.85845947265625,6.807170867919922,48.30266571044922
2020-03-06,70.04964447021484,95.05449676513672,64.40077209472656,180.24050903320312,154.3679656982422,6.626586437225342,46.89866638183594
2020-03-09,64.50928497314453,90.03050231933594,60.427101135253906,168.70489501953125,143.9060821533203,6.113475799560547,40.53333282470703
2020-03-10,69.15533447265625,94.59100341796875,63.37839889526367,177.3541259765625,153.74696350097656,6.503040313720703,43.02199935913086
2020-03-11,66.7535400390625,91.04299926757812,60.184051513671875,169.44143676757812,146.7819061279297,6.139132022857666,42.28200149536133
2020-03-12,60.16131591796875,83.83049774169922,55.24616622924805,153.7454071044922,132.86138916015625,5.387899875640869,37.369998931884766
2020-03-13,67.36914825439453,89.25,60.3515510559082,169.48123168945312,151.7500762939453,5.998897075653076,36.44133377075195
2020-03-16,58.702308654785156,84.4574966430664,53.33016586303711,145.32508850097656,129.3836212158203,4.891976356506348,29.67133331298828
2020-03-17,61.283447265625,90.39199829101562,55.56972885131836,148.71908569335938,140.03660583496094,5.411811828613281,28.68000030517578
2020-03-18,59.783226013183594,91.5,54.23423767089844,146.2706298828125,134.14163208007812,5.051887512207031,24.08133316040039
2020-03-19,59.32517623901367,94.04650115966797,55.25213623046875,152.4116973876953,136.34866333007812,5.3047051429748535,28.50933265686035
2020-03-20,55.55889129638672,92.30449676513672,53.09208679199219,149.02761840820312,131.22756958007812,5.124868869781494,28.50200080871582
2020-03-23,54.37859344482422,95.1415023803711,52.39228439331055,147.4052734375,129.9186553955078,5.297731399536133,28.952667236328125
2020-03-24,59.834129333496094,97.00499725341797,56.163665771484375,160.224853515625,141.72769165039062,6.206631660461426,33.66666793823242
2020-03-25,59.50452423095703,94.29199981689453,54.752628326416016,155.4772491455078,140.37100219726562,6.117959022521973,35.95000076293945
2020-03-26,62.635826110839844,97.77449798583984,57.79935836791992,162.57379150390625,149.1513671875,6.4073944091796875,35.21066665649414
2020-03-27,60.04257583618164,95.00499725341797,55.18205261230469,156.05450439453125,143.0270538330078,6.295057773590088,34.29066848754883
2020-03-30,61.75605773925781,98.19750213623047,56.97380447387695,165.17153930664062,153.08767700195312,6.615377426147461,33.47533416748047
2020-03-31,61.63002395629883,97.48600006103516,57.75114822387695,166.01754760742188,150.68002319335938,6.565808296203613,34.93333435058594
2020-04-01,58.387237548828125,95.38500213623047,54.776485443115234,158.85133361816406,145.3296661376953,6.054443359375,32.104000091552734
2020-04-02,59.36152648925781,95.94149780273438,55.51853942871094,157.4479522705078,148.33920288085938,6.363305568695068,30.29800033569336
2020-04-03,58.508426666259766,95.32949829101562,54.309288024902344,153.45675659179688,146.9729766845703,6.075366497039795,32.000667572021484
2020-04-06,63.61253356933594,99.87950134277344,58.80681610107422,164.7734375,157.903076171875,6.685369491577148,34.41600036621094
2020-04-07,62.87576675415039,100.58000183105469,58.7755012512207,168.0380401611328,156.20242309570312,6.4519782066345215,36.36333465576172
2020-04-08,64.48504638671875,102.1500015258789,59.99021530151367,173.4624481201172,157.76930236816406,6.649251461029053,36.589332580566406
2020-04-09,64.95037078857422,102.13800048828125,59.96884536743164,174.36819458007812,157.77882385253906,6.549619197845459,38.20000076293945
2020-04-13,66.22520446777344,108.44349670410156,60.15970230102539,173.97007751464844,158.13230895996094,6.721485614776611,43.39666748046875
2020-04-14,69.56977844238281,114.16600036621094,62.88436508178711,177.33419799804688,165.957275390625,7.072691917419434,47.32600021362305
2020-04-15,68.93479919433594,115.38400268554688,62.49022674560547,176.13986206054688,164.2183837890625,6.995226860046387,48.65533447265625
2020-04-16,69.48252868652344,120.40950012207031,62.49668502807617,175.42324829101562,169.1483917236328,7.340456008911133,49.680667877197266
2020-04-17,68.53974914550781,118.75,63.568756103515625,178.39920043945312,170.63885498046875,7.281174182891846,50.259334564208984
2020-04-20,67.11708068847656,119.68049621582031,62.68157958984375,177.40391540527344,167.25662231445312,7.149906635284424,49.75733184814453
2020-04-21,65.04247283935547,116.40599822998047,60.246681213378906,169.99879455566406,160.33935546875,6.713016986846924,45.781333923339844
2020-04-22,66.9159164428711,118.17449951171875,62.54539489746094,181.42494201660156,165.78530883789062,7.127490043640137,48.807334899902344
2020-04-23,66.6565933227539,119.97250366210938,63.17959213256836,184.26156616210938,163.77890014648438,7.074185371398926,47.04199981689453
2020-04-24,68.58094024658203,120.51100158691406,63.44947052001953,189.1784210205078,166.7693634033203,7.2131733894348145,48.34333419799805
2020-04-27,68.62944030761719,118.80000305175781,63.164180755615234,186.62046813964844,166.29165649414062,7.399738311767578,53.25
2020-04-28,67.51697540283203,115.7040023803711,61.262088775634766,182.05198669433594,162.2406768798828,7.257261276245117,51.27466583251953
2020-04-29,69.7345962524414,118.635498046875,66.70892333984375,193.27908325195312,169.52099609375,7.434110164642334,53.367332458496094
2020-04-30,71.20571899414062,123.69999694824219,66.93357849121094,203.74972534179688,171.22164916992188,7.280178070068359,52.12533187866211
2020-05-01,70.0593490600586,114.302001953125,65.47333526611328,201.32118225097656,166.7884979248047,7.043549060821533,46.75466537475586
2020-05-04,71.05060577392578,115.79949951171875,65.75067138671875,204.29713439941406,170.8681640625,7.255517959594727,50.74599838256836
2020-05-05,72.11699676513672,115.88999938964844,67.04888153076172,206.09866333007812,172.70257568359375,7.316542625427246,51.2140007019043
2020-05-06,72.8610610961914,117.56300354003906,66.87045288085938,207.49209594726562,174.40322875976562,7.417422294616699,52.172000885009766
2020-05-07,73.61477661132812,118.38050079345703,68.05584716796875,210.26898193359375,175.41598510742188,7.593772888183594,52.00266647338867
2020-05-08,75.366943359375,118.98049926757812,68.80435943603516,211.35389709472656,176.44784545898438,7.7838215827941895,54.62799835205078
2020-05-11,76.55287170410156,120.44999694824219,69.76111602783203,212.17999267578125,178.41604614257812,8.035892486572266,54.08599853515625
2020-05-12,75.67801666259766,117.84750366210938,68.34909057617188,209.11444091796875,174.37454223632812,7.773858547210693,53.96066665649414
2020-05-13,74.76427459716797,118.39600372314453,67.01457977294922,204.13792419433594,171.73760986328125,7.751441478729248,52.73066711425781
2020-05-14,75.22356414794922,119.44249725341797,67.43854522705078,205.83987426757812,172.4828338623047,8.001023292541504,53.55533218383789
2020-05-15,74.77884674072266,120.48899841308594,68.24371337890625,209.8907928466797,174.99559020996094,8.459582328796387,53.27799987792969
2020-05-18,76.54071807861328,121.31300354003906,68.84611511230469,212.18994140625,176.66758728027344,8.718131065368652,54.242000579833984
2020-05-19,76.09843444824219,122.46649932861328,68.31031799316406,215.86264038085938,175.4446563720703,8.773176193237305,53.867332458496094
2020-05-20,77.57843017578125,124.89700317382812,70.0379638671875,228.8912353515625,177.87818908691406,8.937073707580566,54.37066650390625
2020-05-21,77.00003051757812,122.33699798583984,69.91818237304688,230.3045654296875,175.74166870117188,8.743038177490234,55.17333221435547
2020-05-22,77.49578857421875,121.84400177001953,70.24073791503906,233.8080596923828,175.8182830810547,8.993117332458496,54.45866775512695
2020-05-26,76.97086334228516,121.09300231933594,70.64481353759766,231.1107635498047,173.9596405029297,8.685750007629395,54.591331481933594
2020-05-27,77.30619812011719,120.51950073242188,70.59064483642578,228.0651397705078,174.18954467773438,8.493955612182617,54.68199920654297
2020-05-28,77.34024810791016,120.05500030517578,70.48925018310547,224.40240478515625,173.79673767089844,8.45584487915039,53.72066879272461
2020-05-29,77.26493072509766,122.11849975585938,71.24870300292969,224.0341339111328,175.56918334960938,8.842920303344727,55.66666793823242
2020-06-01,78.2151107788086,123.552001953125,71.3157958984375,230.8221435546875,175.1667938232422,8.773923873901367,59.87333297729492
2020-06-02,78.57720184326172,123.62049865722656,71.68557739257812,231.6283416748047,177.1596221923828,8.792854309082031,58.770668029785156
2020-06-03,79.00978088378906,123.91999816894531,71.53349304199219,229.08035278320312,177.59072875976562,8.737309455871582,58.86399841308594
2020-06-04,78.3293228149414,123.02999877929688,70.29342651367188,225.22848510742188,175.25299072265625,8.738306045532227,57.62533187866211
2020-06-05,80.56023406982422,124.1500015258789,71.5717544555664,229.68748474121094,179.3536376953125,8.891313552856445,59.04399871826172
2020-06-08,81.03654479980469,126.2030029296875,71.97037506103516,230.31451416015625,180.4650115966797,8.776683807373047,63.327999114990234
2020-06-09,83.59552764892578,130.04299926757812,72.17115783691406,237.5504150390625,181.84466552734375,9.016905784606934,62.711334228515625
2020-06-10,85.74620819091797,132.37249755859375,72.79840087890625,235.61952209472656,188.5895233154297,9.336625099182129,68.336669921875
2020-06-11,81.6294937133789,127.89800262451172,69.6771240234375,223.37721252441406,178.4626007080078,8.767961502075195,64.85600280761719
2020-06-12,82.33424377441406,127.2509994506836,70.22483825683594,227.5077362060547,179.87098693847656,8.903772354125977,62.35200119018555
2020-06-15,83.35250091552734,128.63400268554688,70.6135025024414,231.40936279296875,181.02072143554688,9.144248008728027,66.05999755859375
2020-06-16,85.56151580810547,130.7635040283203,71.892333984375,234.54458618164062,185.45663452148438,9.03933334350586,65.47533416748047
2020-06-17,85.44242858886719,132.0489959716797,72.19402313232422,234.4251708984375,186.0985565185547,9.206296920776367,66.11933135986328
2020-06-18,85.47647094726562,132.69900512695312,71.27851867675781,234.83323669433594,188.0913848876953,9.1883544921875,66.9306640625
2020-06-19,84.98798370361328,133.75050354003906,70.8073501586914,237.66986083984375,186.9704132080078,9.231463432312012,66.72666931152344
2020-06-22,87.21161651611328,135.6909942626953,72.1005859375,238.0978546142578,192.16323852539062,9.496110916137695,66.28800201416016
2020-06-23,89.0731201171875,138.2205047607422,72.76261138916016,241.10366821289062,193.44705200195312,9.419607162475586,66.78533172607422
2020-06-24,87.5008316040039,136.72000122070312,71.20794677734375,232.9222412109375,189.5476837158203,9.205799102783203,64.0566635131836
2020-06-25,88.66241455078125,137.72900390625,71.62544250488281,234.57444763183594,191.94285583496094,9.459480285644531,65.73200225830078
2020-06-26,85.93820190429688,134.64349365234375,67.7208480834961,215.06639099121094,188.10098266601562,9.125556945800781,63.982666015625
2020-06-29,87.91879272460938,134.0189971923828,69.44203186035156,219.60501098632812,190.12252807617188,9.17041015625,67.29000091552734
2020-06-30,88.6527099609375,137.9409942626953,70.47981262207031,226.00485229492188,194.97999572753906,9.467206001281738,71.98733520507812
2020-07-01,88.4850082397461,143.93499755859375,71.670166015625,236.4356689453125,196.1201171875,9.499348640441895,74.64199829101562
2020-07-02,88.4850082397461,144.51499938964844,73.05834197998047,232.32505798339844,197.61471557617188,9.581336975097656,80.57733154296875
2020-07-06,90.85202026367188,152.8520050048828,74.53548431396484,239.15286254882812,201.86863708496094,9.807604789733887,91.43866729736328
2020-07-07,90.57010650634766,150.00599670410156,74.05188751220703,239.7301483154297,199.52133178710938,9.84000015258789,92.65733337402344
2020-07-08,92.67950439453125,154.0554962158203,74.7318115234375,242.4373779296875,203.9093780517578,10.183144569396973,91.05867004394531
2020-07-09,93.07804870605469,159.13150024414062,75.48031616210938,243.35308837890625,205.33692932128906,10.475201606750488,92.9520034790039
2020-07-10,93.2408676147461,160.0,76.49175262451172,243.92039489746094,204.71417236328125,10.445550918579102,102.97666931152344
2020-07-13,92.81072235107422,155.1999969482422,75.1607437133789,237.8788604736328,198.39076232910156,10.019922256469727,99.80400085449219
2020-07-14,94.34659576416016,154.1999969482422,75.58966827392578,238.60545349121094,199.61712646484375,10.343626976013184,101.12000274658203
2020-07-15,94.99545288085938,150.44349670410156,75.391845703125,239.15286254882812,199.3201446533203,10.194357872009277,103.06732940673828
2020-07-16,93.82655334472656,149.9949951171875,75.29444122314453,239.7998046875,195.372802734375,10.102155685424805,100.04266357421875
2020-07-17,93.63697052001953,148.09849548339844,75.3903579711914,240.8946533203125,194.37640380859375,10.168691635131836,100.05599975585938
2020-07-20,95.61029052734375,159.8419952392578,77.72586059570312,244.26876831054688,202.73092651367188,10.476946830749512,109.53333282470703
2020-07-21,94.29070281982422,156.9145050048828,77.33221435546875,240.615966796875,200.0004425048828,10.295280456542969,104.55733489990234
2020-07-22,94.55558776855469,154.99549865722656,77.77604675292969,238.7447967529297,202.87461853027344,10.405180931091309,106.15533447265625
2020-07-23,90.25174713134766,149.32749938964844,75.38538360595703,231.50889587402344,194.05067443847656,10.097172737121582,100.87133026123047
2020-07-24,90.02816009521484,150.44549560546875,74.9609375,229.62777709960938,192.86264038085938,10.161712646484375,94.46666717529297
2020-07-27,92.16187286376953,152.760498046875,76.0156021118164,232.40467834472656,195.30577087402344,10.387981414794922,102.63999938964844
2020-07-28,90.64786529541016,150.01649475097656,74.73429107666016,229.04054260253906,193.55247497558594,10.182646751403809,98.43267059326172
2020-07-29,92.38546752929688,151.67649841308594,75.72137451171875,232.19566345214844,195.50694274902344,10.431840896606445,99.94066619873047
2020-07-30,93.50332641601562,152.593994140625,76.45994567871094,233.39999389648438,195.3536834716797,10.579865455627441,99.16600036621094
2020-07-31,103.29206848144531,158.23399353027344,73.95396423339844,252.4800567626953,196.4171142578125,10.580612182617188,95.38400268554688
2020-08-03,105.8947525024414,155.59449768066406,73.69601440429688,250.77809143066406,207.46388244628906,10.974842071533203,99.0
2020-08-04,106.6019515991211,156.94149780273438,73.22583770751953,248.6580810546875,204.35006713867188,11.191641807556152,99.13333129882812
2020-08-05,106.98834991455078,160.25149536132812,73.51361083984375,247.95138549804688,204.01475524902344,11.25045108795166,99.00133514404297
2020-08-06,110.7210922241211,161.25,74.79889678955078,264.0356140136719,207.2817840576172,11.299043655395508,99.30533599853516
2020-08-07,108.20378112792969,158.3730010986328,74.47186279296875,267.1807556152344,203.5740509033203,11.163481712341309,96.84733581542969
2020-08-10,109.7764892578125,157.4080047607422,74.39482879638672,261.76629638671875,199.52133178710938,11.129094123840332,94.57133483886719
2020-08-11,106.51175689697266,154.0334930419922,73.58568572998047,254.9285430908203,194.85543823242188,10.815104484558105,91.6259994506836
2020-08-12,110.05160522460938,158.11199951171875,74.9127197265625,258.6708984375,200.4219207763672,11.40345573425293,103.65066528320312
2020-08-13,111.99923706054688,158.05099487304688,75.38041687011719,260.0742492675781,199.9525146484375,11.406197547912598,108.06666564941406
2020-08-14,111.8994369506836,157.4010009765625,74.78300476074219,260.0145568847656,200.1441192626953,11.526808738708496,110.04733276367188
2020-08-17,111.60726928710938,159.12049865722656,75.36003875732422,259.9349365234375,201.4662322998047,12.297322273254395,122.3759994506836
2020-08-18,112.53727722167969,165.62449645996094,77.32525634765625,261.109375,202.62551879882812,12.221320152282715,125.80599975585938
2020-08-19,112.678466796875,163.0240020751953,76.77008056640625,261.35821533203125,201.39622497558594,12.09946060180664,125.23533630371094
2020-08-20,115.17877197265625,164.86849975585938,78.3426513671875,267.74810791015625,206.0829620361328,12.101954460144043,133.45533752441406
2020-08-21,121.11421203613281,164.23599243164062,78.3088607788086,265.75750732421875,204.5847625732422,12.642708778381348,136.6653289794922
2020-08-24,122.56277465820312,165.3730010986328,78.78500366210938,270.116943359375,205.2281951904297,12.679341316223145,134.27999877929688
2020-08-25,121.55728912353516,167.32449340820312,79.81382751464844,279.50274658203125,207.89813232421875,12.708995819091797,134.8893280029297
2020-08-26,123.21035766601562,172.09249877929688,81.71642303466797,302.4844055175781,212.39279174804688,12.731922149658203,143.54466247558594
2020-08-27,121.73745727539062,170.0,80.9405746459961,291.84454345703125,217.60781860351562,12.58763599395752,149.25
2020-08-28,121.54027557373047,170.08999633789062,81.48281860351562,292.2824401855469,219.84555053710938,13.105464935302734,147.55999755859375
2020-08-31,125.66195678710938,172.54800415039062,80.99077606201172,291.8245849609375,216.5994110107422,13.3314847946167,166.10667419433594
2020-09-01,130.66741943359375,174.95599365234375,82.26065063476562,294.0541076660156,218.27052307128906,13.780671119689941,158.35000610351562
2020-09-02,127.96016693115234,176.57249450683594,85.35757446289062,301.08099365234375,222.47705078125,14.304637908935547,149.1233367919922
2020-09-03,117.71556091308594,168.39999389648438,80.98977661132812,289.7543640136719,208.6952362060547,12.977522850036621,135.6666717529297
2020-09-04,117.79348754882812,164.7310028076172,78.58917999267578,281.4037170410156,205.7660675048828,12.585668563842773,139.44000244140625
2020-09-08,109.86656951904297,157.49200439453125,75.72584533691406,269.8880310058594,194.635009765625,11.8782377243042,110.06999969482422
2020-09-09,114.24877166748047,163.4304962158203,76.90030670166016,272.43603515625,202.9232635498047,12.677897453308105,122.09333038330078
2020-09-10,110.51903533935547,158.7554931640625,75.84761810302734,266.8323974609375,197.2376708984375,12.275826454162598,123.77999877929688
2020-09-11,109.06803894042969,155.81100463867188,75.336181640625,265.3593444824219,195.9507293701172,12.129005432128906,124.23999786376953
2020-09-14,112.3400650024414,155.14849853515625,74.99174499511719,264.9015197753906,197.27613830566406,12.834688186645508,139.8733367919922
2020-09-15,112.5153579711914,157.80650329589844,76.29840087890625,271.14208984375,200.51263427734375,12.953095436096191,149.9199981689453
2020-09-16,109.19463348388672,153.90499877929688,75.15377807617188,262.28387451171875,196.93035888671875,12.477983474731445,147.25332641601562
2020-09-17,107.45148468017578,150.43649291992188,73.90873718261719,253.6246795654297,194.87510681152344,12.427133560180664,141.14332580566406
2020-09-18,104.0431137084961,147.74549865722656,72.12195587158203,251.3454132080078,192.45489501953125,12.153684616088867,147.38333129882812
2020-09-21,107.19830322265625,148.02349853515625,71.0807113647461,246.98594665527344,194.519775390625,12.48072624206543,149.79666137695312
2020-09-22,108.88300323486328,156.44949340820312,72.55585479736328,253.55499267578125,199.20652770996094,12.600873947143555,141.41000366210938
2020-09-23,104.3157730102539,149.9929962158203,70.04938507080078,247.8518829345703,192.64695739746094,12.088372230529785,126.78666687011719
2020-09-24,105.3869857788086,150.989501953125,70.71887969970703,248.3594970703125,195.14402770996094,12.311970710754395,129.26333618164062
2020-09-25,109.34069061279297,154.75650024414062,71.52404022216797,253.6246795654297,199.59071350097656,12.836185455322266,135.77999877929688
2020-09-28,111.95054626464844,158.70249938964844,72.49819946289062,255.6152801513672,201.14654541015625,12.996963500976562,140.39999389648438
2020-09-29,111.10330963134766,157.24400329589844,72.86402130126953,260.5619812011719,199.0528564453125,13.187159538269043,139.69000244140625
2020-09-30,112.77828216552734,157.43649291992188,72.8431396484375,260.67144775390625,202.00131225585938,13.491020202636719,143.00332641601562
2020-10-01,113.73263549804688,161.06300354003906,73.95149230957031,265.3792724609375,204.0469512939453,13.574774742126465,149.3866729736328
2020-10-02,110.06131744384766,156.25,72.34611511230469,258.72064208984375,198.0251922607422,13.024137496948242,138.3633270263672
2020-10-05,113.45024108886719,159.9600067138672,73.69950866699219,263.4085388183594,202.04928588867188,13.602691650390625,141.89332580566406
2020-10-06,110.19766998291016,154.9980010986328,72.11849212646484,257.4466857910156,197.75634765625,13.696418762207031,137.9933319091797
2020-10-07,112.06742095947266,159.7845001220703,72.52205657958984,256.9091796875,201.52110290527344,13.92325496673584,141.76666259765625
2020-10-08,111.96026611328125,159.52749633789062,73.72932434082031,262.5227355957031,202.2413787841797,13.798371315002441,141.97332763671875
2020-10-09,113.9079360961914,164.33250427246094,75.072265625,263.20953369140625,207.26426696777344,13.722590446472168,144.6666717529297
2020-10-12,121.14341735839844,172.14649963378906,77.76312255859375,274.4565124511719,212.63291931152344,14.184490203857422,147.43333435058594
2020-10-13,117.92981719970703,172.18150329589844,77.88638305664062,274.84466552734375,214.03517150878906,14.206673622131348,148.88333129882812
2020-10-14,118.0174560546875,168.1855010986328,77.70597076416016,270.544921875,212.11428833007812,14.054123878479004,153.76666259765625
2020-10-15,117.5500259399414,166.9324951171875,77.30985260009766,265.4688415527344,210.96185302734375,13.929237365722656,149.6266632080078
2020-10-16,115.90425109863281,163.635498046875,77.91770935058594,264.68255615234375,210.96185302734375,13.771199226379395,146.55667114257812
2020-10-19,112.94384765625,160.36050415039062,76.04145050048828,260.1737976074219,205.7372283935547,13.45836353302002,143.61000061035156
2020-10-20,114.43379211425781,160.85049438476562,77.09165954589844,266.3049011230469,206.1501922607422,13.605685234069824,140.64666748046875
2020-10-21,113.81056213378906,159.2469940185547,78.82675170898438,277.4225158691406,206.2943115234375,13.4852876663208,140.8800048828125
2020-10-22,112.71985626220703,158.82000732421875,79.85408782958984,276.81536865234375,206.38070678710938,13.322015762329102,141.92999267578125
2020-10-23,112.02847290039062,160.22000122070312,81.16223907470703,283.4541015625,207.66763305664062,13.550596237182617,140.2100067138672
2020-10-26,112.03819274902344,160.3520050048828,78.74224853515625,275.8100280761719,201.76119995117188,13.102907180786133,140.0933380126953
2020-10-27,113.547607421875,164.31649780273438,79.46739959716797,281.9611511230469,204.8056640625,13.357662200927734,141.55999755859375
2020-10-28,108.28897094726562,158.13900756835938,75.08966064453125,266.41436767578125,194.65420532226562,12.590156555175781,135.33999633789062
2020-10-29,112.30111694335938,160.55050659179688,77.37992858886719,279.5126037597656,196.6134033203125,12.985998153686523,136.94332885742188
2020-10-30,106.0102310180664,151.8074951171875,80.32376861572266,261.875732421875,194.4525146484375,12.497429847717285,129.34666442871094
2020-11-02,105.9225845336914,150.2239990234375,80.73182678222656,260.13397216796875,194.3180389404297,12.544041633605957,133.50332641601562
2020-11-03,107.54887390136719,152.42050170898438,81.79244995117188,264.05548095703125,198.25570678710938,12.981510162353516,141.3000030517578
2020-11-04,111.94082641601562,162.05799865722656,86.7720947265625,286.0319519042969,207.82135009765625,13.753999710083008,140.32666015625
2020-11-05,115.91400146484375,166.10000610351562,87.59963989257812,293.29766845703125,214.4480743408203,14.118684768676758,146.02999877929688
2020-11-06,115.78231048583984,165.56849670410156,87.46196746826172,292.0336608886719,214.86106872558594,14.519510269165039,143.31666564941406
2020-11-09,113.47036743164062,157.18699645996094,87.54596710205078,277.4623107910156,209.7421417236328,13.590975761413574,140.4199981689453
2020-11-10,113.12895202636719,151.75100708007812,86.36802673339844,271.15203857421875,202.65435791015625,12.73274040222168,136.7866668701172
2020-11-11,116.56270599365234,156.8695068359375,86.84068298339844,275.1830749511719,207.97496032714844,13.378847122192383,139.0433349609375
2020-11-12,116.28958129882812,155.51400756835938,86.62149047851562,273.78961181640625,206.908935546875,13.417484283447266,137.25332641601562
2020-11-13,116.33834838867188,156.4405059814453,88.08472442626953,275.65087890625,207.93655395507812,13.258199691772461,136.1666717529297
2020-11-16,117.35286712646484,156.55299377441406,88.17269897460938,277.65142822265625,208.62802124023438,13.475813865661621,136.02999877929688
2020-11-17,116.46514892578125,156.7830047607422,87.55789184570312,273.71002197265625,205.96774291992188,13.383086204528809,147.20333862304688
2020-11-18,115.13846588134766,155.2729949951172,86.51314544677734,270.6941833496094,203.2523193359375,13.389568328857422,162.2133331298828
2020-11-19,115.7335433959961,155.8509979248047,87.40430450439453,271.6596374511719,204.5426025390625,13.401032447814941,166.42333984375
2020-11-20,114.46539306640625,154.97000122070312,86.30142211914062,268.4348449707031,202.58790588378906,13.049562454223633,163.20333862304688
2020-11-23,111.06086730957031,154.91949462890625,85.86305236816406,267.17083740234375,202.3182830810547,13.10166072845459,173.9499969482422
2020-11-24,112.34854888916016,155.9029998779297,87.66921997070312,275.6210021972656,205.92922973632812,12.919941902160645,185.1266632080078
2020-11-25,113.1874771118164,159.2534942626953,87.68064880371094,274.2972412109375,205.9387969970703,13.19613265991211,191.3333282470703
2020-11-27,113.73375701904297,159.76699829101562,88.81832122802734,276.5068359375,207.24838256835938,13.222555160522461,195.25332641601562
2020-11-30,116.13349151611328,158.40199279785156,87.1970443725586,275.6707458496094,206.1314239501953,13.362395286560059,189.1999969482422
2020-12-01,119.71360778808594,161.00399780273438,89.23284912109375,285.205810546875,208.19207763671875,13.350929260253906,194.9199981689453
2020-12-02,120.06477355957031,160.17649841308594,90.70450592041016,286.1712341308594,207.3832244873047,13.504979133605957,189.60667419433594
2020-12-03,119.92820739746094,159.3365020751953,90.54895782470703,280.52789306640625,206.29513549804688,13.360858917236328,197.7933349609375
2020-12-04,119.25509643554688,158.12899780273438,90.64437103271484,278.3879699707031,206.4106903076172,13.522684097290039,199.67999267578125
2020-12-07,120.71834564208984,157.89999389648438,90.30989074707031,284.2403869628906,206.34324645996094,13.571053504943848,213.9199981689453
2020-12-08,121.3329086303711,158.864501953125,90.02658081054688,282.07061767578125,207.99948120117188,13.314979553222656,216.6266632080078
2020-12-09,118.79661560058594,155.2100067138672,88.36305236816406,276.6163024902344,203.9456024169922,12.896828651428223,201.4933319091797
2020-12-10,120.2208480834961,155.07449340820312,87.85559844970703,275.8200378417969,202.71302795410156,12.93821907043457,209.02333068847656
2020-12-11,119.41118621826172,155.8209991455078,88.21096801757812,272.26678466796875,205.3514862060547,12.97911262512207,203.3300018310547
2020-12-14,118.79661560058594,157.84849548339844,87.0906753540039,272.9037780761719,206.25662231445312,13.273837089538574,213.27667236328125
2020-12-15,124.7471694946289,158.25599670410156,87.529052734375,274.2574462890625,206.18923950195312,13.32545280456543,211.0833282470703
2020-12-16,124.67887878417969,162.04800415039062,87.3357162475586,274.3768310546875,211.14822387695312,13.207761764526367,207.58999633789062
2020-12-17,125.54708862304688,161.8040008544922,86.50668334960938,273.1924743652344,211.2830047607422,13.306251525878906,218.63333129882812
2020-12-18,123.55705261230469,160.08250427246094,85.79644012451172,275.1034240722656,210.4838104248047,13.237184524536133,231.6666717529297
2020-12-21,125.08861541748047,160.3090057373047,86.21095275878906,271.5103759765625,214.33547973632812,13.297274589538574,216.6199951171875
2020-12-22,128.64913940429688,160.3260040283203,85.49822998046875,265.83709716796875,215.63543701171875,13.243416786193848,213.44667053222656
2020-12-23,127.75174713134766,159.2635040283203,85.89634704589844,266.8523254394531,212.82366943359375,12.975122451782227,215.32666015625
2020-12-24,128.7369842529297,158.63450622558594,86.19107818603516,266.1456298828125,214.4895477294922,12.959663391113281,220.58999633789062
2020-12-28,133.3413543701172,164.197998046875,88.1692123413086,275.70062255859375,216.6175994873047,12.866156578063965,221.22999572753906
2020-12-29,131.56591796875,166.10000610351562,87.36404418945312,275.4816589355469,215.83761596679688,12.909294128417969,221.99667358398438
2020-12-30,130.44407653808594,164.29249572753906,86.29496002197266,270.5946960449219,213.45919799804688,13.111265182495117,231.5933380126953
2020-12-31,129.4393310546875,162.84649658203125,87.10958099365234,271.8786315917969,214.1717987060547,13.020753860473633,235.22332763671875
2021-01-04,126.23969268798828,159.3314971923828,85.79198455810547,267.6784362792969,209.61720275878906,13.079100608825684,243.2566680908203
2021-01-05,127.80046844482422,160.92550659179688,86.48382568359375,269.69891357421875,209.8193817138672,13.369585990905762,245.0366668701172
2021-01-06,123.49852752685547,156.91900634765625,85.63043212890625,262.0748291015625,204.3789520263672,12.581409454345703,251.9933319091797
2021-01-07,127.71266174316406,158.10800170898438,88.1881103515625,267.4793395996094,210.1949462890625,13.308996200561523,272.0133361816406
2021-01-08,128.8149871826172,159.13499450683594,89.35559844970703,266.3148498535156,211.47561645507812,13.241920471191406,293.3399963378906
2021-01-11,125.82019805908203,155.7104949951172,87.29098510742188,255.63519287109375,209.4246063232422,13.585765838623047,270.39666748046875
2021-01-12,125.6446304321289,156.04150390625,86.35360717773438,249.9121551513672,206.95953369140625,13.449376106262207,283.14666748046875
2021-01-13,127.68342590332031,158.29449462890625,86.84168243408203,250.45957946777344,208.31727600097656,13.49625301361084,284.8033447265625
2021-01-14,125.751953125,156.37350463867188,86.0300521850586,244.48773193359375,205.12037658691406,13.165620803833008,281.6666564941406
2021-01-15,124.02530670166016,155.21249389648438,85.86602783203125,250.180908203125,204.7641143798828,12.825765609741211,275.38665771484375
2021-01-19,124.69840240478516,156.03799438476562,88.69158172607422,259.8752136230469,208.41354370117188,12.991080284118652,281.51666259765625
2021-01-20,128.79550170898438,163.16900634765625,93.4430923461914,266.22528076171875,216.0205841064453,13.330689430236816,283.48333740234375
2021-01-21,133.51690673828125,165.34950256347656,93.6458740234375,271.5899353027344,216.62725830078125,13.831120491027832,281.663330078125
2021-01-22,135.6630401611328,164.6114959716797,94.06385040283203,273.21234130859375,217.57086181640625,13.676527976989746,282.21331787109375
2021-01-25,139.418701171875,164.6999969482422,94.14934539794922,276.70587158203125,221.01812744140625,13.617431640625,293.6000061035156
2021-01-26,139.65283203125,166.30650329589844,94.82878112792969,280.7269287109375,223.71429443359375,13.400004386901855,294.36334228515625
2021-01-27,138.5797882080078,161.62899780273438,90.4048080444336,270.8634338378906,224.26312255859375,12.883862495422363,288.0533447265625
2021-01-28,133.73155212402344,161.88099670410156,92.10760498046875,263.7569580078125,230.0695343017578,13.016761779785156,278.4766540527344
2021-01-29,128.7272186279297,160.30999755859375,90.82329559326172,257.1181640625,223.35800170898438,12.955674171447754,264.510009765625
2021-02-01,130.8538360595703,167.1439971923828,94.08922576904297,260.7809143066406,230.76280212402344,13.202277183532715,279.9366760253906
2021-02-02,131.6829833984375,169.0,95.38395690917969,265.8271179199219,230.62802124023438,13.521185874938965,290.92999267578125
2021-02-03,130.65872192382812,165.62649536132812,102.3302993774414,265.3991394042969,233.98863220214844,13.495006561279297,284.89666748046875
2021-02-04,134.024169921875,166.5500030517578,102.06935119628906,265.2398986816406,233.03529357910156,13.62840461730957,283.3299865722656
2021-02-05,133.60894775390625,167.6074981689453,103.81886291503906,266.8423767089844,233.21827697753906,13.55534839630127,284.07666015625
2021-02-08,133.75555419921875,166.14700317382812,103.6046371459961,265.3294982910156,233.47824096679688,14.400871276855469,287.8066711425781
2021-02-09,132.87623596191406,165.25,103.15086364746094,268.18603515625,234.73004150390625,14.225834846496582,283.1533203125
2021-02-10,132.2705535888672,164.32899475097656,103.70206451416016,270.5946960449219,233.81527709960938,14.725520133972168,268.2733459472656
2021-02-11,132.0165557861328,163.10650634765625,103.81488037109375,269.1216735839844,235.42333984375,15.210739135742188,270.5533447265625
2021-02-12,132.25100708007812,163.885498046875,104.12701416015625,269.2311096191406,235.90478515625,14.922001838684082,272.0400085449219
2021-02-16,130.12124633789062,163.44749450683594,104.90585327148438,272.6847839355469,234.66262817382812,15.290033340454102,265.40667724609375
2021-02-17,127.82537078857422,165.4320068359375,105.29947662353516,272.2867126464844,235.68568420410156,14.866897583007812,266.04998779296875
2021-02-18,126.72140502929688,166.4114990234375,104.66280364990234,268.1263122558594,235.2899627685547,14.790098190307617,262.4599914550781
2021-02-19,126.87771606445312,162.4949951171875,103.81787109375,260.33306884765625,232.5682830810547,14.88734245300293,260.4333190917969
2021-02-22,123.09690856933594,159.03700256347656,102.10066986083984,259.10882568359375,226.33352661132812,14.318090438842773,238.1666717529297
2021-02-23,122.96012115478516,159.72500610351562,102.39192199707031,264.6128845214844,225.13677978515625,14.104901313781738,232.94667053222656
2021-02-24,122.46186828613281,157.97650146484375,103.5693588256836,263.07012939453125,226.3721160888672,14.460966110229492,247.33999633789062
2021-02-25,118.20231628417969,152.85800170898438,100.19658660888672,253.4952850341797,221.00596618652344,13.272588729858398,227.4066619873047
2021-02-26,118.46611785888672,154.64649963378906,100.49280548095703,256.4115295410156,224.2777862548828,13.678523063659668,225.1666717529297
2021-03-01,124.84566497802734,157.3070068359375,102.86608123779297,263.6673278808594,228.6787872314453,13.805438995361328,239.47666931152344
2021-03-02,122.23719024658203,154.72650146484375,102.6086196899414,257.7850646972656,225.71583557128906,13.371084213256836,228.81333923339844
2021-03-03,119.2476806640625,150.25,99.97093963623047,254.21189880371094,219.6258087158203,12.771158218383789,217.73333740234375
2021-03-04,117.36215209960938,148.8784942626953,101.09021759033203,256.43145751953125,218.8247833251953,12.337799072265625,207.14666748046875
2021-03-05,118.62242889404297,150.0229949951172,104.22840118408203,263.0403137207031,223.5249786376953,12.428811073303223,199.31666564941406
2021-03-08,113.67900848388672,147.59750366210938,99.77660369873047,254.1123809814453,219.46177673339844,11.562838554382324,187.6666717529297
2021-03-09,118.30003356933594,153.1425018310547,101.40980529785156,264.4934387207031,225.62896728515625,12.491716384887695,224.52667236328125
2021-03-10,117.21561431884766,152.8820037841797,101.20255279541016,263.6573791503906,224.31639099121094,12.439833641052246,222.68666076660156
2021-03-11,119.14999389648438,155.67950439453125,104.40087127685547,272.5952453613281,228.86216735839844,12.963887214660645,233.1999969482422
2021-03-12,118.24140167236328,154.47450256347656,101.88894653320312,267.1409606933594,227.53028869628906,12.826699256896973,231.2433319091797
2021-03-15,121.1332015991211,154.08399963378906,102.10961151123047,272.46588134765625,226.62306213378906,13.161186218261719,235.97999572753906
2021-03-16,122.67680358886719,154.59300231933594,103.5733413696289,277.96990966796875,229.4219512939453,13.260958671569824,225.6266632080078
2021-03-17,121.8854751586914,156.7864990234375,103.49034118652344,282.6777648925781,228.7753143310547,13.310845375061035,233.93666076660156
2021-03-18,117.7529296875,151.39950561523438,100.46448516845703,277.3130187988281,222.67567443847656,12.69350528717041,217.72000122070312
2021-03-19,117.2253646850586,153.7480010986328,100.74381256103516,288.7491149902344,222.31858825683594,12.816473007202148,218.2899932861328
2021-03-22,120.54701232910156,155.5435028076172,100.92919921875,292.16302490234375,227.76193237304688,13.156200408935547,223.3333282470703
2021-03-23,119.71661376953125,156.875,101.45802307128906,289.26666259765625,229.29649353027344,13.040961265563965,220.72000122070312
2021-03-24,117.32305908203125,154.35350036621094,101.02064514160156,280.8165283203125,227.25039672851562,12.61418628692627,210.08999633789062
2021-03-25,117.81155395507812,152.31300354003906,101.01716613769531,277.4324645996094,224.23915100097656,12.506681442260742,213.4633331298828
2021-03-26,118.4172592163086,152.60150146484375,100.63297271728516,281.6923522949219,228.23483276367188,12.809989929199219,206.23666381835938
2021-03-29,118.5931167602539,153.7864990234375,101.6796875,289.455810546875,227.03805541992188,12.918742179870605,203.76333618164062
2021-03-30,117.13744354248047,152.76449584960938,101.71348571777344,286.64898681640625,223.76629638671875,12.842414855957031,211.8733367919922
2021-03-31,119.33560180664062,154.70399475097656,102.5112075805664,293.14837646484375,227.54957580566406,13.317828178405762,222.64332580566406
2021-04-01,120.16603088378906,158.0500030517578,105.8541488647461,297.259033203125,233.90020751953125,13.780272483825684,220.5833282470703
2021-04-05,122.99921417236328,161.3365020751953,110.28657531738281,307.4609375,240.38587951660156,13.955623626708984,230.35000610351562
2021-04-06,123.30206298828125,161.1909942626953,109.80445861816406,304.8233947753906,239.2180633544922,13.82990837097168,230.5399932861328
2021-04-07,124.953125,163.96949768066406,111.28409576416016,311.6213073730469,241.1869354248047,14.111266136169434,223.6566619873047
2021-04-08,127.35648345947266,164.96499633789062,111.85069274902344,311.5516052246094,244.4201202392578,14.28437328338623,227.93333435058594
2021-04-09,129.9356231689453,168.61000061035156,112.85665893554688,310.9942932128906,246.9294891357422,14.367180824279785,225.67333984375
2021-04-12,128.21620178222656,168.96949768066406,111.56192779541016,310.0785827636719,246.9873504638672,15.174337387084961,233.9933319091797
2021-04-13,131.33265686035156,170.0,112.04949188232422,308.3069763183594,249.47743225097656,15.64376449584961,254.10667419433594
2021-04-14,128.9879608154297,166.64999389648438,111.42723083496094,301.3995056152344,246.6785430908203,15.24218463897705,244.07666015625
2021-04-15,131.40106201171875,168.95449829101562,113.58131408691406,306.37603759765625,250.45217895507812,16.100475311279297,246.28334045410156
2021-04-16,131.0688934326172,169.9720001220703,113.4570541381836,304.7437438964844,251.64898681640625,15.876235008239746,246.5933380126953
2021-04-19,131.7332305908203,168.60049438476562,113.80547332763672,300.82220458984375,249.71871948242188,15.326739311218262,238.2100067138672
2021-04-20,130.04306030273438,166.7344970703125,113.27117156982422,301.2302551269531,249.25546264648438,15.136674880981445,239.663330078125
2021-04-21,130.42410278320312,168.1009979248047,113.23837280273438,300.05584716796875,251.4945526123047,15.325493812561035,248.0399932861328
2021-04-22,128.90003967285156,165.45199584960938,111.9545669555664,295.1290588378906,248.20346069335938,14.816405296325684,239.89666748046875
2021-04-23,131.22518920898438,167.04400634765625,114.31094360351562,299.7174072265625,252.044677734375,15.230459213256836,243.13333129882812
2021-04-26,131.61598205566406,170.4499969482422,114.8079605102539,301.6184997558594,252.43075561523438,15.44272518157959,246.06666564941406
2021-04-27,131.29359436035156,170.8715057373047,113.8661117553711,302.1459655761719,252.83609008789062,15.346693992614746,234.913330078125
2021-04-28,130.50222778320312,172.9250030517578,117.24881744384766,305.6594543457031,245.68446350097656,15.241933822631836,231.46665954589844
2021-04-29,130.40455627441406,173.5655059814453,118.92475891113281,327.96429443359375,243.70594787597656,15.289824485778809,225.6666717529297
2021-04-30,128.4311065673828,173.37100219726562,116.97347259521484,323.5550537109375,243.38743591308594,14.975293159484863,236.47999572753906
2021-05-03,129.48619079589844,169.32449340820312,116.45557403564453,321.0668029785156,243.07855224609375,14.802937507629395,228.3000030517578
2021-05-04,124.9042739868164,165.593505859375,114.65387725830078,316.8665771484375,239.15048217773438,14.318541526794434,224.53334045410156
2021-05-05,125.14852142333984,163.52699279785156,115.04852294921875,313.542236328125,237.87655639648438,14.425549507141113,223.64666748046875
2021-05-06,126.75074005126953,165.31849670410156,116.17078399658203,318.5188293457031,241.02284240722656,14.489901542663574,221.17999267578125
2021-05-07,127.42597961425781,164.58050537109375,116.89543151855469,317.58319091796875,243.65769958496094,14.77849006652832,224.1233367919922
2021-05-10,124.13782501220703,159.52450561523438,113.90438079833984,304.53472900390625,238.56175231933594,14.233237266540527,209.67999267578125
2021-05-11,123.21791076660156,161.19549560546875,112.82633972167969,305.09210205078125,237.64491271972656,14.273643493652344,205.73333740234375
2021-05-12,120.14501953125,157.5970001220703,109.35665130615234,301.1307678222656,230.66700744628906,13.72714614868164,196.6300048828125
2021-05-13,122.29803466796875,158.07350158691406,110.7875747680664,303.8280944824219,234.55650329589844,13.634108543395996,190.56333923339844
2021-05-14,124.7249755859375,161.14500427246094,113.23986053466797,314.45794677734375,239.49790954589844,14.21053695678711,196.5800018310547
2021-05-17,123.5702133178711,163.51950073242188,113.76371765136719,313.980224609375,236.63148498535156,14.13321590423584,192.27667236328125
2021-05-18,122.18058776855469,161.61399841308594,112.44910430908203,308.5060119628906,234.60475158691406,13.983808517456055,192.6233367919922
2021-05-19,122.02399444580078,161.58999633789062,112.89791107177734,312.1189880371094,235.1851348876953,14.03369426727295,187.82000732421875
2021-05-20,124.58798217773438,162.38400268554688,114.65985107421875,317.1154479980469,238.4354705810547,14.579195976257324,195.5933380126953
2021-05-21,122.7481689453125,160.1540069580078,114.02265930175781,314.74658203125,237.16824340820312,14.957581520080566,193.6266632080078
2021-05-24,124.3824691772461,162.24949645996094,117.34822082519531,323.1072082519531,242.59515380859375,15.576421737670898,202.14666748046875
2021-05-25,124.1867446899414,162.95249938964844,117.4391860961914,326.25238037109375,243.50445556640625,15.612089157104492,201.56333923339844
2021-05-26,124.13782501220703,163.25799560546875,118.30598449707031,326.12298583984375,243.28196716308594,15.664216995239258,206.3766632080078
2021-05-27,122.60137176513672,161.5054931640625,117.42973327636719,331.1891174316406,241.17311096191406,15.452702522277832,210.28334045410156
2021-05-28,121.94570922851562,161.15350341796875,117.13997650146484,327.18798828125,241.53102111816406,16.207477569580078,208.4066619873047
2021-06-01,121.6227798461914,160.9324951171875,118.3492202758789,327.5860595703125,239.325439453125,16.22743797302246,207.96665954589844
2021-06-02,122.3860855102539,161.69949340820312,117.82288360595703,327.6059875488281,239.2287139892578,16.740015029907227,201.7066650390625
2021-06-03,120.89856719970703,159.35049438476562,116.67922973632812,324.5106201171875,237.6906280517578,16.931074142456055,190.94667053222656
2021-06-04,123.1983413696289,160.31100463867188,118.96501922607422,328.80035400390625,242.60479736328125,17.538188934326172,199.68333435058594
2021-06-07,123.20812225341797,159.90049743652344,119.39892578125,335.0010986328125,245.52622985839844,17.578847885131836,201.7100067138672
2021-06-08,124.0301742553711,163.20550537109375,119.20707702636719,332.1147766113281,244.3267059326172,17.41721534729004,201.19667053222656
2021-06-09,124.41180419921875,164.0574951171875,119.67924499511719,328.7008361816406,245.31344604492188,17.322656631469727,199.5933380126953
2021-06-10,123.41363525390625,167.4824981689453,121.0306396484375,330.90045166015625,248.84426879882812,17.389272689819336,203.3733367919922
2021-06-11,124.62712860107422,167.3415069580078,120.78560638427734,329.7060852050781,249.47314453125,17.7887020111084,203.29666137695312
2021-06-14,127.69019317626953,169.19349670410156,121.71553802490234,335.1902160644531,251.40782165527344,17.981801986694336,205.89666748046875
2021-06-15,126.8681640625,169.156494140625,120.69564056396484,335.17034912109375,249.92770385742188,17.75202751159668,199.7866668701172
2021-06-16,127.36726379394531,170.7624969482422,120.05250549316406,329.52691650390625,248.979736328125,17.773731231689453,201.6233367919922
2021-06-17,128.97218322753906,174.46200561523438,121.01771545410156,334.9314880371094,252.38485717773438,18.618993759155273,205.53334045410156
2021-06-18,127.67064666748047,174.34500122070312,119.39494323730469,328.11358642578125,250.96282958984375,18.600534439086914,207.77000427246094
2021-06-21,129.47128295898438,172.697998046875,121.0863037109375,330.73126220703125,254.0583953857422,18.389469146728516,206.94332885742188
2021-06-22,131.1153564453125,175.27200317382812,121.60121154785156,337.4396667480469,256.8443908691406,18.8480281829834,207.90333557128906
2021-06-23,130.8413848876953,175.1909942626953,121.39891815185547,338.9923095703125,256.6121826171875,19.018173217773438,218.85667419433594
2021-06-24,130.5575408935547,172.45399475097656,121.76970672607422,341.5701599121094,257.9858703613281,19.166120529174805,226.60667419433594
2021-06-25,130.26394653320312,170.072998046875,121.77815246582031,339.7686767578125,256.370361328125,18.991979598999023,223.9566650390625
2021-06-28,131.89825439453125,172.1945037841797,121.80548858642578,353.9717712402344,259.9495544433594,19.94402313232422,229.57333374023438
2021-06-29,133.41510009765625,172.40699768066406,121.54356384277344,350.2393798828125,262.54217529296875,19.985689163208008,226.9199981689453
2021-06-30,134.03164672851562,172.00799560546875,121.36165618896484,346.0789489746094,262.0584716796875,19.96148681640625,226.56666564941406
2021-07-01,134.3350372314453,171.64849853515625,121.71453857421875,352.7276306152344,262.7356262207031,20.170557022094727,225.97332763671875
2021-07-02,136.967529296875,175.5489959716797,124.5107650756836,353.0361633300781,268.58819580078125,20.444995880126953,226.3000030517578
2021-07-06,138.9834747314453,183.78700256347656,125.43771362304688,351.1251525878906,268.5977783203125,20.65605926513672,219.86000061035156
2021-07-07,141.47891235351562,184.82899475097656,125.72000885009766,348.8458251953125,270.7937316894531,20.329978942871094,214.88333129882812
2021-07-08,140.1773681640625,186.57049560546875,124.29853820800781,344.0285949707031,268.3656921386719,19.8619441986084,217.60333251953125
2021-07-09,142.00741577148438,185.9669952392578,124.77021789550781,348.7762145996094,268.8686828613281,20.009140014648438,218.98333740234375
2021-07-12,141.41046142578125,185.92750549316406,126.2185287475586,351.5033874511719,268.2689514160156,20.470439910888672,228.56666564941406
2021-07-13,142.5260467529297,183.8679962158203,126.58234405517578,350.4383544921875,271.8095703125,20.208480834960938,222.84666442871094
2021-07-14,145.9609832763672,184.08399963378906,127.47250366210938,345.9992980957031,273.28955078125,19.80081558227539,217.7933349609375
2021-07-15,145.3053436279297,181.55999755859375,126.24784088134766,342.8441467285156,271.8578796386719,18.927356719970703,216.86666870117188
2021-07-16,143.26004028320312,178.68150329589844,126.21305847167969,339.5596618652344,271.5869445800781,18.123760223388672,214.74000549316406
2021-07-19,139.40426635742188,177.47950744628906,123.83531951904297,335.369384765625,267.9690246582031,18.74124526977539,215.4066619873047
2021-07-20,143.025146484375,178.6595001220703,125.45709228515625,340.0572814941406,270.2037048339844,18.57383918762207,220.1666717529297
2021-07-21,142.29115295410156,179.25999450683594,126.78861236572266,344.60589599609375,272.2157897949219,19.370201110839844,218.42999267578125
2021-07-22,143.66127014160156,181.90150451660156,127.65589904785156,349.5426025390625,276.801025390625,19.553823471069336,216.4199981689453
2021-07-23,145.38360595703125,182.83200073242188,132.22201538085938,368.05535888671875,280.2159118652344,19.517898559570312,214.4600067138672
2021-07-26,145.80442810058594,184.99099731445312,133.23594665527344,370.7127990722656,279.6160583496094,19.254440307617188,219.2066650390625
2021-07-27,143.6319122314453,181.3195037841797,131.11366271972656,366.0846252441406,277.18804931640625,19.16861915588379,214.92666625976562
2021-07-28,141.8801727294922,181.51600646972656,135.28265380859375,371.5290222167969,276.8785095214844,19.463010787963867,215.66000366210938
2021-07-29,142.5260467529297,179.99600219726562,134.9680633544922,356.63916015625,277.1492614746094,19.621686935424805,225.78334045410156
2021-07-30,142.7413787841797,166.37950134277344,133.92332458496094,354.6286315917969,275.6112365722656,19.459022521972656,229.06666564941406
2021-08-02,142.4086456298828,166.57400512695312,134.0505828857422,350.299072265625,275.524169921875,19.709501266479492,236.55667114257812
2021-08-03,144.2092742919922,168.31199645996094,134.82144165039062,349.59234619140625,277.74908447265625,19.774370193481445,236.5800018310547
2021-08-04,143.80804443359375,167.73599243164062,134.31993103027344,357.2363586425781,277.1590270996094,20.232433319091797,236.97332763671875
2021-08-05,143.91566467285156,168.79949951171875,135.43922424316406,361.2673645019531,280.0707702636719,20.594684600830078,238.2100067138672
2021-08-06,143.22964477539062,167.2469940185547,134.92929077148438,361.8048095703125,280.0126953125,20.324243545532227,233.03334045410156
2021-08-09,143.18064880371094,167.093505859375,136.09677124023438,359.9136962890625,278.9195861816406,20.253387451171875,237.9199981689453
2021-08-10,142.70040893554688,166.03399658203125,135.99142456054688,359.43597412109375,277.0912780761719,19.895124435424805,236.663330078125
2021-08-11,142.95521545410156,164.60549926757812,135.46656799316406,358.2714538574219,277.58465576171875,19.658611297607422,235.94000244140625
2021-08-12,145.92486572265625,165.1750030517578,136.37611389160156,360.9488220214844,280.3512878417969,19.864187240600586,240.75
2021-08-13,146.13070678710938,164.69850158691406,136.9064178466797,361.4763488769531,283.2920227050781,20.1466064453125,239.05667114257812
2021-08-16,148.1104736328125,164.94949340820312,137.4849395751953,364.84051513671875,284.98492431640625,19.909093856811523,228.72332763671875
2021-08-17,147.19903564453125,162.09800720214844,135.84678649902344,356.7685546875,283.5145568847656,19.41810417175293,221.90333557128906
2021-08-18,143.44528198242188,160.06100463867188,134.64151000976562,353.7826232910156,281.7796325683594,19.000957489013672,229.663330078125
2021-08-19,143.7784881591797,159.3874969482422,134.8711395263672,353.45416259765625,287.63372802734375,19.757408142089844,224.49000549316406
2021-08-20,145.2388458251953,159.99749755859375,136.61021423339844,357.6842041015625,294.99005126953125,20.773319244384766,226.75332641601562
2021-08-23,146.7285919189453,163.2935028076172,139.20664978027344,361.64556884765625,295.2711181640625,21.91297721862793,235.43333435058594
2021-08-24,146.64035034179688,165.28900146484375,140.4193572998047,363.7954406738281,293.3036193847656,21.748315811157227,236.163330078125
2021-08-25,145.40545654296875,164.95899963378906,141.2319793701172,366.6619567871094,292.7124938964844,22.167455673217773,237.06666564941406
2021-08-26,144.6017608642578,165.8000030517578,140.5972900390625,362.67071533203125,289.8823547363281,22.022748947143555,233.72000122070312
2021-08-27,145.6406707763672,167.48150634765625,143.1455078125,370.8820495605469,290.492919921875,22.589590072631836,237.30667114257812
2021-08-30,150.07064819335938,171.07850646972656,143.728515625,378.8743896484375,294.2437744140625,22.641481399536133,243.6366729736328
2021-08-31,148.8063507080078,173.5395050048828,143.83486938476562,377.6003723144531,292.5864562988281,22.343042373657227,245.24000549316406
2021-09-01,149.4727783203125,173.9499969482422,144.34979248046875,380.2578125,292.53790283203125,22.398937225341797,244.69667053222656
2021-09-02,150.59005737304688,173.156005859375,142.43280029296875,373.51959228515625,291.87884521484375,22.354021072387695,244.1300048828125
2021-09-03,151.22714233398438,173.90249633789062,142.88259887695312,374.4949951171875,291.8691711425781,22.800186157226562,244.52333068847656
2021-09-07,153.5695343017578,175.46449279785156,143.42034912109375,380.38720703125,290.938720703125,22.619524002075195,250.97332763671875
2021-09-08,152.02101135253906,176.27499389648438,142.83436584472656,375.7988586425781,290.9677734375,22.297128677368164,251.2899932861328
2021-09-09,151.001708984375,174.20799255371094,142.68527221679688,376.2268371582031,288.09893798828125,22.13543128967285,251.6199951171875
2021-09-10,146.00332641601562,173.45750427246094,140.03616333007812,376.9136047363281,286.6064147949219,22.435869216918945,245.42333984375
2021-09-13,146.57176208496094,172.85850524902344,141.48397827148438,374.7438659667969,287.846923828125,22.110477447509766,247.6666717529297
2021-09-14,145.1702117919922,172.5,141.6947021484375,374.76373291015625,290.560791015625,22.20030975341797,248.163330078125
2021-09-15,146.06210327148438,173.7895050048828,143.5684814453125,372.1659851074219,295.4358825683594,22.299121856689453,251.94332885742188
2021-09-16,145.82687377929688,174.41200256347656,142.75384521484375,371.30999755859375,295.82354736328125,22.20030975341797,252.3300018310547
2021-09-17,143.1512451171875,173.12600708007812,139.9606170654297,363.0091247558594,290.6383361816406,21.858945846557617,253.163330078125
2021-09-20,140.09339904785156,167.7864990234375,137.8925018310547,354.0314636230469,285.23968505859375,21.073423385620117,243.38999938964844
2021-09-21,140.57362365722656,167.18150329589844,138.2041473388672,355.8031005859375,285.724365234375,21.206178665161133,246.4600067138672
2021-09-22,142.94540405273438,169.00250244140625,139.4471893310547,341.6000061035156,289.3879699707031,21.899873733520508,250.64666748046875
2021-09-23,143.90589904785156,170.8000030517578,140.3741455078125,344.337158203125,290.33782958984375,22.439861297607422,251.2133331298828
2021-09-24,143.99411010742188,171.2760009765625,141.36717224121094,351.30426025390625,290.13433837890625,22.03961181640625,258.1300048828125
2021-09-27,142.47496032714844,170.2899932861328,140.23097229003906,351.9213562011719,285.11376953125,21.619400024414062,263.78668212890625
2021-09-28,139.0839080810547,165.79800415039062,135.02024841308594,339.05206298828125,274.79168701171875,20.660198211669922,259.1866760253906
2021-09-29,139.98556518554688,165.05599975585938,133.5525360107422,338.01690673828125,275.25689697265625,20.478544235229492,260.4366760253906
2021-09-30,138.68209838867188,164.2519989013672,132.8790740966797,337.7979736328125,273.240966796875,20.677167892456055,258.49334716796875
2021-10-01,139.80914306640625,164.16299438476562,135.72898864746094,341.4010009765625,280.1998596191406,20.703121185302734,258.40667724609375
2021-10-04,136.36904907226562,159.48899841308594,132.8626708984375,324.69970703125,274.3942565917969,19.69501495361328,260.510009765625
2021-10-05,138.29978942871094,161.0500030517578,135.2120819091797,331.39813232421875,279.8703308105469,20.412668228149414,260.1966552734375
2021-10-06,139.17210388183594,163.10049438476562,136.74488830566406,332.074951171875,284.0863952636719,20.66119956970215,260.9166564941406
2021-10-07,140.43641662597656,165.1215057373047,138.39500427246094,327.6756591796875,285.7727966308594,21.035499572753906,264.53668212890625
2021-10-08,140.0541534423828,164.43099975585938,138.95217895507812,328.50177001953125,285.7727966308594,20.791955947875977,261.8299865722656
2021-10-11,139.9659881591797,162.31500244140625,138.0858612060547,323.92333984375,285.1719055175781,20.65620994567871,263.9800109863281
2021-10-12,138.6918487548828,162.3665008544922,135.6355438232422,322.2511901855469,283.86346435546875,20.632253646850586,268.5733337402344
2021-10-13,138.1038055419922,164.21400451660156,136.76181030273438,323.0176086425781,287.1878662109375,20.899751663208008,270.3599853515625
2021-10-14,140.8970489501953,164.9929962158203,140.30950927734375,326.9888610839844,293.42962646484375,21.705242156982422,272.7733459472656
2021-10-15,141.95553588867188,170.4510040283203,140.5252227783203,323.23663330078125,294.84466552734375,21.82101821899414,281.010009765625
2021-10-18,143.63148498535156,172.33700561523438,141.92681884765625,333.7669677734375,297.829833984375,22.180347442626953,290.03668212890625
2021-10-19,145.79747009277344,172.20750427246094,142.38307189941406,338.3951416015625,298.7409362792969,22.24822235107422,288.0899963378906
2021-10-20,146.28750610351562,170.7530059814453,140.923828125,339.1814270019531,297.9461364746094,22.061573028564453,288.6000061035156
2021-10-21,146.50314331054688,171.75050354003906,141.04014587402344,340.2762451171875,301.19305419921875,22.649459838867188,298.0
2021-10-22,145.72886657714844,166.77749633789062,136.7463836669922,323.0872802734375,299.6423034667969,22.68340492248535,303.2266540527344
2021-10-25,145.6798553466797,166.01849365234375,136.6276092529297,327.1481628417969,298.6440124511719,23.122577667236328,341.6199951171875
2021-10-26,146.34632873535156,168.80349731445312,138.4779815673828,314.3285827636719,300.5630798339844,24.670669555664062,339.4766540527344
2021-10-27,145.8856658935547,169.62449645996094,145.34580993652344,310.7554016113281,313.220947265625,24.405168533325195,345.9533386230469
2021-10-28,149.5316162109375,172.32850646972656,144.97952270507812,315.433349609375,314.36468505859375,24.894250869750977,359.0133361816406
2021-10-29,146.81675720214844,168.6215057373047,147.1634063720703,322.0521545410156,321.410888671875,25.519079208374023,371.3333435058594
2021-11-01,145.99349975585938,165.90550231933594,142.6415252685547,328.4320983886719,319.2301025390625,25.778589248657227,402.86334228515625
2021-11-02,147.03237915039062,165.6374969482422,144.5654754638672,326.5409851074219,322.8743591308594,26.351511001586914,390.6666564941406
2021-11-03,148.4730987548828,169.1999969482422,145.72406005859375,330.0644226074219,323.717529296875,26.54814910888672,404.6199951171875
2021-11-04,147.9536895751953,173.85000610351562,147.3835906982422,334.2745361328125,326.0824890136719,29.745141983032227,409.9700012207031
2021-11-05,148.48370361328125,175.94949340820312,147.964599609375,339.5298156738281,325.7141418457031,29.696231842041016,407.36334228515625
2021-11-08,147.65919494628906,174.44900512695312,148.14254760742188,337.03155517578125,326.6155090332031,30.746261596679688,387.64666748046875
2021-11-09,148.02236938476562,178.81149291992188,148.0307159423828,333.79681396484375,325.60748291015625,30.599538803100586,341.1666564941406
2021-11-10,145.18577575683594,174.1024932861328,145.02374267578125,326.10308837890625,320.6160888671875,29.403778076171875,355.98333740234375
2021-11-11,145.13668823242188,173.625,144.89749145507812,326.2026062011719,322.1958923339844,30.333032608032227,354.5033264160156
2021-11-12,147.21749877929688,176.25750732421875,147.7916259765625,339.2909240722656,326.35382080078125,30.333032608032227,344.47332763671875
2021-11-15,147.2273406982422,177.28399658203125,147.56698608398438,345.9296569824219,325.7238464355469,29.968721389770508,337.7966613769531
2021-11-16,148.20887756347656,177.03500366210938,146.9944305419922,341.3512268066406,329.0579833984375,30.14638328552246,351.57666015625
2021-11-17,150.65281677246094,177.4499969482422,147.1643829345703,339.1714782714844,329.28125,29.20615577697754,363.0033264160156
2021-11-18,154.95187377929688,184.80299377441406,148.94522094726562,337.10125732421875,331.368896484375,31.61562728881836,365.4599914550781
2021-11-19,157.58230590820312,183.82850646972656,148.03866577148438,343.6802062988281,333.1554870605469,32.92317199707031,379.0199890136719
2021-11-22,158.04364013671875,178.6284942626953,145.4298095703125,339.4103698730469,329.97064208984375,31.896102905273438,385.6233215332031
2021-11-23,158.42640686035156,179.0019989013672,144.9129180908203,335.6679992675781,327.883056640625,31.68649673461914,369.6766662597656
2021-11-24,158.94667053222656,179.02049255371094,145.24888610839844,339.46014404296875,328.1063537597656,32.612762451171875,372.0
2021-11-26,153.9114532470703,175.22799682617188,141.33535766601562,331.5573425292969,320.1151428222656,31.443952560424805,360.6400146484375
2021-11-29,157.27804565429688,178.07850646972656,144.6629180908203,336.4443359375,326.8635559082031,33.31344223022461,378.9966735839844
2021-11-30,162.24453735351562,175.35350036621094,141.05157470703125,322.93798828125,320.9987487792969,32.61475372314453,381.586669921875
2021-12-01,161.72433471679688,172.18600463867188,140.21060180664062,309.1430358886719,320.5035705566406,31.379920959472656,365.0
2021-12-02,160.73297119140625,171.8679962158203,142.11370849609375,308.93402099609375,319.9306640625,32.06970977783203,361.5333251953125
2021-12-03,158.84848022460938,169.489501953125,141.1549530029297,305.4006652832031,313.6387023925781,30.639223098754883,338.3233337402344
2021-12-06,162.26417541503906,171.36849975585938,142.30157470703125,316.37890625,316.7264709472656,29.9843692779541,336.336669921875
2021-12-07,168.01583862304688,176.1645050048828,146.3915557861328,321.29571533203125,325.203125,32.37018585205078,350.5833435058594
2021-12-08,171.84375,176.1580047607422,147.3030548095703,329.0093688964844,325.2516784667969,31.770233154296875,356.32000732421875
2021-12-09,171.33334350585938,174.17100524902344,146.7583465576172,328.2728576660156,323.43597412109375,30.436573028564453,334.6000061035156
2021-12-10,176.13296508789062,172.21200561523438,147.11917114257812,328.2031555175781,332.6020812988281,30.14508819580078,339.010009765625
2021-12-13,172.4915771484375,169.5675048828125,144.9571533203125,332.9209289550781,329.55316162109375,28.111656188964844,322.13665771484375
2021-12-14,171.10760498046875,169.0915069580078,143.049072265625,332.1744689941406,318.81402587890625,28.287349700927734,319.5033264160156
2021-12-15,175.98573303222656,173.31500244140625,145.5679931640625,340.0572814941406,324.9409484863281,30.405630111694336,325.3299865722656
2021-12-16,169.0758819580078,168.87100219726562,143.58389282226562,333.3290100097656,315.47381591796875,28.33725929260254,308.97332763671875
2021-12-17,167.97654724121094,170.0175018310547,140.88011169433594,332.2242431640625,314.4056701660156,27.752286911010742,310.8566589355469
2021-12-20,166.61227416992188,167.07899475097656,140.76278686523438,323.92333984375,310.6285705566406,27.67043113708496,299.9800109863281
2021-12-21,169.79237365722656,170.41700744628906,142.6171875,332.6323547363281,317.79449462890625,29.02405548095703,312.84332275390625
2021-12-22,172.3933868408203,171.03700256347656,145.54214477539062,328.8999328613281,323.53302001953125,29.348487854003906,336.2900085449219
2021-12-23,173.0215606689453,171.06849670410156,146.04063415527344,333.66741943359375,324.9798278808594,29.588064193725586,355.6666564941406
2021-12-27,176.99673461914062,169.66949462890625,147.0247344970703,344.55609130859375,332.51470947265625,30.890777587890625,364.64666748046875
2021-12-28,175.97592163085938,170.66099548339844,145.81251525878906,344.5959167480469,331.3494567871094,30.268869400024414,362.8233337402344
2021-12-29,176.06427001953125,169.2010040283203,145.7807159423828,341.3312683105469,332.02923583984375,29.948434829711914,362.0633239746094
2021-12-30,174.90606689453125,168.64450073242188,145.32891845703125,342.74462890625,329.4754943847656,29.534164428710938,356.7799987792969
2021-12-31,174.28773498535156,166.7169952392578,143.9884490966797,334.772216796875,326.56243896484375,29.35946273803711,352.260009765625
2022-01-03,178.6456756591797,170.4044952392578,144.12710571289062,336.9519348144531,325.03802490234375,30.068220138549805,399.9266662597656
2022-01-04,176.3783721923828,167.52200317382812,143.5386505126953,334.95135498046875,319.464599609375,29.238679885864258,383.1966552734375
2022-01-05,171.68670654296875,164.35699462890625,136.95362854003906,322.6493835449219,307.2010498046875,27.55562973022461,362.7066650390625
2022-01-06,168.8206787109375,163.25399780273438,136.9263153076172,330.90045166015625,304.7735595703125,28.128629684448242,354.8999938964844
2022-01-07,168.98756408691406,162.5540008544922,136.20016479492188,330.2336120605469,304.9288635253906,27.199256896972656,342.32000732421875
2022-01-10,169.00717163085938,161.48599243164062,137.84280395507812,326.5310363769531,305.1522521972656,27.35198974609375,352.7066650390625
2022-01-11,171.84375,165.36199951171875,138.90293884277344,332.8014831542969,305.8416748046875,27.76825714111328,354.79998779296875
2022-01-12,172.28541564941406,165.20700073242188,140.58734130859375,331.69671630859375,309.0361633300781,27.949941635131836,368.739990234375
2022-01-13,169.00717163085938,161.21400451660156,137.76080322265625,324.9485168457031,295.9570007324219,26.5284366607666,343.85333251953125
2022-01-14,169.8708953857422,162.13800048828125,138.6489715576172,330.34307861328125,301.2002868652344,26.894790649414062,349.8699951171875
2022-01-18,166.66136169433594,158.91749572753906,135.18722534179688,316.6575927734375,293.86932373046875,25.857616424560547,343.5033264160156
2022-01-19,163.15733337402344,156.2989959716797,134.3109893798828,318.0908508300781,294.5296325683594,25.02307891845703,331.8833312988281
2022-01-20,161.4691162109375,151.66749572753906,132.51278686523438,315.0750732421875,292.84979248046875,24.107683181762695,332.0899963378906
2022-01-21,159.407958984375,142.64300537109375,129.57440185546875,301.74786376953125,287.4413757324219,23.33304786682129,314.6333312988281
2022-01-24,158.63253784179688,144.54400634765625,130.02420043945312,307.2618408203125,287.771484375,23.33104705810547,310.0
2022-01-25,156.8265380859375,139.98599243164062,126.17826843261719,298.7420349121094,280.12017822265625,22.284883499145508,306.1333312988281
2022-01-26,156.73822021484375,138.87249755859375,128.46255493164062,293.2479553222656,288.1017150878906,22.732099533081055,312.4700012207031
2022-01-27,156.2769317626953,139.6374969482422,128.23593139648438,293.2579040527344,291.140869140625,21.905550003051758,276.3666687011719
2022-01-28,167.18157958984375,143.97799682617188,132.55599975585938,300.2947082519531,299.31658935546875,22.799983978271484,282.1166687011719
2022-01-31,171.54931640625,149.57350158691406,134.4968719482422,311.79052734375,301.95770263671875,24.443099975585938,312.239990234375
2022-02-01,171.38243103027344,151.19349670410156,136.82342529296875,317.50360107421875,299.8021240234375,24.594829559326172,310.4166564941406
2022-02-02,172.58969116210938,150.6125030517578,147.11767578125,321.4848327636719,304.36572265625,25.197769165039062,301.88665771484375
2022-02-03,169.7040557861328,138.8455047607422,142.2369384765625,236.64468383789062,292.5099792480469,23.90604019165039,297.0466613769531
2022-02-04,169.41905212402344,157.63949584960938,142.43875122070312,235.9778289794922,297.06390380859375,24.27638816833496,307.7733459472656
2022-02-07,168.70162963867188,157.9355010986328,138.3711395263672,223.85498046875,292.2186584472656,24.68467140197754,302.4466552734375
2022-02-08,171.81698608398438,161.4134979248047,138.56796264648438,219.1471405029297,295.72393798828125,25.06400489807129,307.3333435058594
2022-02-09,173.24200439453125,161.1894989013672,140.7478790283203,230.91171264648438,302.18096923828125,26.65821075439453,310.6666564941406
2022-02-10,169.1536865234375,159.0034942626953,137.79360961914062,227.0001678466797,293.6072082519531,25.77874755859375,301.51666259765625
2022-02-11,165.73367309570312,153.2935028076172,133.4819793701172,218.52011108398438,286.4801330566406,23.90703773498535,286.6666564941406
2022-02-14,165.96954345703125,155.16700744628906,134.71804809570312,216.6787872314453,286.44134521484375,24.22447967529297,291.9200134277344
2022-02-15,169.8121337890625,156.510498046875,135.79408264160156,219.96331787109375,291.7525634765625,26.44857406616211,307.4766540527344
2022-02-16,169.57627868652344,158.10049438476562,136.91685485839844,215.52423095703125,291.4120788574219,26.464548110961914,307.7966613769531
2022-02-17,165.96954345703125,154.65249633789062,131.74884033203125,206.73565673828125,282.8789367675781,24.464061737060547,292.1166687011719
2022-02-18,164.416748046875,152.60150146484375,129.62559509277344,205.19293212890625,280.1545104980469,23.600574493408203,285.6600036621094
2022-02-22,161.4881134033203,150.19749450683594,129.03961181640625,201.13206481933594,279.9501647949219,23.34901237487793,273.84332275390625
2022-02-23,157.3114013671875,144.82699584960938,126.82737731933594,197.5190887451172,272.70147705078125,22.347768783569336,254.67999267578125
2022-02-24,159.9353790283203,151.35800170898438,131.89993286132812,206.6261749267578,286.63470458984375,23.70638656616211,266.92333984375
2022-02-25,162.00901794433594,153.7884979248047,133.6579132080078,209.49264526367188,289.28118896484375,24.114673614501953,269.9566650390625
2022-02-28,162.2743682861328,153.56300354003906,134.25186157226562,210.04006958007812,290.7212219238281,24.342275619506836,290.1433410644531
2022-03-01,160.38742065429688,151.14199829101562,133.26226806640625,202.5354461669922,286.9849548339844,23.43585968017578,288.1233215332031
2022-03-02,163.68954467773438,152.05250549316406,133.7692413330078,207.13377380371094,292.0834655761719,24.18168067932129,293.2966613769531
2022-03-03,163.36520385742188,147.89849853515625,133.1012420654297,202.0178680419922,287.9287414550781,23.676481246948242,279.7633361816406
2022-03-04,160.35797119140625,145.64100646972656,131.12010192871094,199.12152099609375,282.03240966796875,22.899707794189453,279.42999267578125
2022-03-07,156.55465698242188,137.4530029296875,125.62508392333984,186.59060668945312,271.3781433105469,21.318220138549805,268.1933288574219
2022-03-08,154.7266845703125,136.01449584960938,126.34675598144531,189.3973388671875,268.4007568359375,21.479963302612305,274.79998779296875
2022-03-09,160.1417236328125,139.2790069580078,132.62460327148438,197.56887817382812,280.7091064453125,22.977590560913086,286.3233337402344
2022-03-10,155.7880859375,146.8175048828125,131.6400146484375,194.2943115234375,277.8777160644531,22.622154235839844,279.4333190917969
2022-03-11,152.06338500976562,145.52450561523438,129.0962677001953,186.72994995117188,272.5068054199219,22.06503677368164,265.1166687011719
2022-03-14,148.0242462158203,141.85299682617188,125.20013427734375,185.7545166015625,268.9748229980469,21.296253204345703,255.4566650390625
2022-03-15,152.4171905517578,147.3665008544922,128.42776489257812,191.12921142578125,279.3955078125,22.936655044555664,267.2966613769531
2022-03-16,156.83963012695312,153.10400390625,132.48594665527344,202.67478942871094,286.44012451171875,24.457242965698242,280.07666015625
2022-03-17,157.85189819335938,157.23899841308594,133.04112243652344,206.86505126953125,287.24761962890625,24.72681999206543,290.5333251953125
2022-03-18,161.15399169921875,161.25050354003906,135.31396484375,215.47445678710938,292.31689453125,26.411149978637695,301.7966613769531
2022-03-21,162.5298614501953,161.4915008544922,135.29010009765625,210.4979248046875,291.08123779296875,26.69170379638672,307.0533447265625
2022-03-22,165.91053771972656,164.88900756835938,139.03416442871094,215.63369750976562,295.8489685058594,26.48203468322754,331.32666015625
2022-03-23,167.27662658691406,163.4080047607422,137.451171875,212.45867919921875,291.40228271484375,25.59344482421875,333.03668212890625
2022-03-24,171.07009887695312,163.64950561523438,140.72801208496094,218.5400390625,295.8879089355469,28.1054630279541,337.97332763671875
2022-03-25,171.7089080810547,164.77349853515625,140.82839965820312,220.77944946289062,295.4791564941406,27.6481876373291,336.8800048828125
2022-03-28,172.57373046875,168.99049377441406,140.61221313476562,222.54116821289062,302.3096008300781,28.17435646057129,363.9466552734375
2022-03-29,175.8757781982422,169.31500244140625,141.6559295654297,228.78176879882812,306.8924255371094,28.610668182373047,366.5233459472656
2022-03-30,174.70635986328125,166.30099487304688,141.0923309326172,226.78118896484375,305.38421630859375,27.646190643310547,364.663330078125
2022-03-31,171.6007843017578,162.99749755859375,138.23841857910156,221.3169403076172,299.98419189453125,27.242828369140625,359.20001220703125
2022-04-01,171.3059539794922,163.55999755859375,139.31497192382812,223.79525756835938,301.064208984375,26.66973876953125,361.5299987792969
2022-04-04,175.36474609375,168.34649658203125,142.11915588378906,232.7928466796875,306.46429443359375,27.316713333129883,381.8166809082031
2022-04-05,172.04302978515625,164.05499267578125,139.7528533935547,230.75244140625,302.4847717285156,25.889972686767578,363.7533264160156
2022-04-06,168.8686981201172,158.75599670410156,135.7339630126953,222.2525177001953,291.4120788574219,24.368379592895508,348.586669921875
2022-04-07,169.17335510253906,157.7845001220703,135.07838439941406,221.90415954589844,293.2315673828125,24.169700622558594,352.4200134277344
2022-04-08,167.1586456298828,154.4604949951172,132.49290466308594,221.28709411621094,288.95037841796875,23.08242416381836,341.8299865722656
2022-04-11,162.89344787597656,151.1219940185547,128.05551147460938,215.44459533691406,277.55657958984375,21.882322311401367,325.30999755859375
2022-04-12,164.77056884765625,150.78750610351562,126.953125,213.13548278808594,274.4430236816406,21.4699764251709,328.98333740234375
2022-04-13,167.4633026123047,155.54100036621094,129.11962890625,213.98150634765625,279.85284423828125,22.16787338256836,340.7900085449219
2022-04-14,162.44140625,151.7064971923828,125.97450256347656,209.1940460205078,272.2732238769531,21.224363327026367,328.3333435058594
2022-04-18,162.22518920898438,152.78500366210938,126.91535186767578,209.78131103515625,272.9446716308594,21.748538970947266,334.7633361816406
2022-04-19,164.51504516601562,158.11549377441406,129.23394775390625,216.2906036376953,277.59552001953125,22.162878036499023,342.7166748046875
2022-04-20,164.3479766845703,153.9980010986328,127.27667236328125,199.47982788085938,278.6269226074219,21.44801139831543,325.73333740234375
2022-04-21,163.55194091796875,148.29600524902344,124.07040405273438,187.1877899169922,273.22674560546875,20.15106964111328,336.260009765625
2022-04-22,159.00169372558594,144.35000610351562,118.92227935791016,183.24635314941406,266.6299133300781,19.484121322631836,335.01666259765625
2022-04-25,160.07293701171875,146.07400512695312,122.34028625488281,186.11285400390625,273.1393127441406,19.870513916015625,332.67333984375
2022-04-26,154.09771728515625,139.39100646972656,117.94265747070312,180.1011962890625,262.9227600097656,18.75827407836914,292.1400146484375
2022-04-27,153.87168884277344,138.16700744628906,113.61312103271484,174.12933349609375,275.57177734375,18.385866165161133,293.836669921875
2022-04-28,160.81980895996094,144.59649658203125,117.81591796875,204.76495361328125,281.8085632324219,19.750703811645508,292.5033264160156
2022-04-29,154.93304443359375,124.28150177001953,113.4292221069336,199.5296173095703,270.0256042480469,18.51766014099121,290.2533264160156
2022-05-02,155.23777770996094,124.5,115.88796997070312,210.13961791992188,276.7879638671875,19.502098083496094,300.9800109863281
2022-05-03,156.73153686523438,124.25350189208984,116.63450622558594,211.03536987304688,274.1705322265625,19.570987701416016,303.0833435058594
2022-05-04,163.15882873535156,125.92849731445312,121.5321273803711,222.36199951171875,282.1492004394531,20.301830291748047,317.5400085449219
2022-05-05,154.0682373046875,116.40699768066406,115.81095123291016,207.302978515625,269.8601989746094,18.81418800354004,291.09332275390625
2022-05-06,154.79656982421875,114.77249908447266,115.05645751953125,202.81414794921875,267.3110046386719,18.64545440673828,288.54998779296875
2022-05-09,149.6589813232422,108.78900146484375,111.84026336669922,195.28961181640625,257.43505859375,16.92318344116211,262.3699951171875
2022-05-10,152.0703125,108.85900115966797,113.71302032470703,196.72283935546875,262.22222900390625,17.567161560058594,266.67999267578125
2022-05-11,144.18678283691406,105.37200164794922,112.92523956298828,187.85464477539062,253.51390075683594,16.603689193725586,244.6666717529297
2022-05-12,140.3089599609375,106.93049621582031,112.17127227783203,190.34291076660156,248.454345703125,16.14940643310547,242.6666717529297
2022-05-13,144.787109375,113.05500030517578,115.35865783691406,197.6882781982422,254.06854248046875,17.6779842376709,256.5299987792969
2022-05-16,143.24192810058594,110.81050109863281,113.76272583007812,199.10162353515625,254.43820190429688,17.23668670654297,241.4566650390625
2022-05-17,146.88352966308594,115.36849975585938,115.77863311767578,201.66952514648438,259.6146240234375,18.148244857788086,253.8699951171875
2022-05-18,138.5964813232422,107.11250305175781,111.2323989868164,191.33824157714844,247.79441833496094,16.91119956970215,236.60333251953125
2022-05-19,135.18125915527344,107.31900024414062,109.72593688964844,190.39266967773438,246.87767028808594,17.096904754638672,236.47332763671875
2022-05-20,135.41746520996094,107.59100341796875,108.25873565673828,192.63211059570312,246.31201171875,16.66758918762207,221.3000030517578
2022-05-23,140.85028076171875,107.55699920654297,110.82334899902344,195.30947875976562,254.201904296875,16.871265411376953,224.96665954589844
2022-05-24,138.14370727539062,104.0999984741211,105.33824920654297,180.42962646484375,253.19732666015625,16.128440856933594,209.3866729736328
2022-05-25,138.3011932373047,106.7750015258789,105.17423248291016,182.96768188476562,256.0256042480469,16.94814682006836,219.60000610351562
2022-05-26,141.50973510742188,111.07749938964844,107.14988708496094,190.7310791015625,259.322021484375,17.822755813598633,235.91000366210938
2022-05-27,147.27719116210938,115.14649963378906,111.64691925048828,194.2146759033203,266.48040771484375,18.781238555908203,253.2100067138672
2022-05-31,146.48985290527344,120.20950317382812,113.08380126953125,192.73167419433594,265.1442565917969,18.642459869384766,252.75332641601562
2022-06-01,146.3618927001953,121.68399810791016,113.21302032470703,187.75511169433594,265.68072509765625,18.291017532348633,246.7899932861328
2022-06-02,148.82241821289062,125.51100158691406,116.92127990722656,197.9271697998047,267.7872619628906,19.561002731323242,258.3333435058594
2022-06-03,143.08447265625,122.3499984741211,113.858154296875,189.8850860595703,263.3400573730469,18.690383911132812,234.51666259765625
2022-06-06,143.83242797851562,124.79000091552734,116.12406921386719,193.33880615234375,262.10150146484375,18.756277084350586,238.27999877929688
2022-06-07,146.3618927001953,123.0,116.45110321044922,194.73220825195312,265.7588195800781,18.896059036254883,238.8866729736328
2022-06-08,145.62371826171875,121.18000030517578,116.4953384399414,195.7176055908203,263.720458984375,18.622434616088867,241.86666870117188
2022-06-09,140.38772583007812,116.1500015258789,114.1509017944336,183.13687133789062,258.239501953125,18.023256301879883,239.7066650390625
2022-06-10,134.9647216796875,109.6500015258789,110.49879455566406,174.7464141845703,246.7313995361328,16.950729370117188,232.22999572753906
2022-06-13,129.79762268066406,103.66999816894531,105.75823974609375,163.48947143554688,236.26683044433594,15.625547409057617,215.73666381835938
2022-06-14,130.6637420654297,102.30999755859375,106.07929992675781,162.96192932128906,238.4416961669922,15.814287185668945,220.88999938964844
2022-06-15,133.29153442382812,107.66999816894531,109.1101303100586,168.5555877685547,245.53182983398438,16.504343032836914,233.0
2022-06-16,128.00634765625,103.66000366210938,105.40137481689453,160.11537170410156,238.9097900390625,15.579609870910645,213.10000610351562
2022-06-17,129.482666015625,106.22000122070312,106.50475311279297,162.971923828125,241.5234832763672,15.85822868347168,216.75999450683594
2022-06-21,133.72459411621094,108.68000030517578,110.8790283203125,156.3133087158203,247.4628448486328,16.543289184570312,237.0366668701172
2022-06-22,133.2128448486328,108.94999694824219,110.8228530883789,155.11892700195312,246.867919921875,16.33757209777832,236.086669921875
2022-06-23,136.08673095703125,112.44000244140625,111.5728530883789,158.0053253173828,252.4561767578125,16.202756881713867,235.07000732421875
2022-06-24,139.4232177734375,116.45999908447266,117.27168273925781,169.36180114746094,261.0774841308594,17.10251808166504,245.7066650390625
2022-06-27,139.4232177734375,113.22000122070312,115.14295196533203,168.6949462890625,258.3370666503906,16.845869064331055,244.9199981689453
2022-06-28,135.26983642578125,107.4000015258789,111.33975219726562,159.92623901367188,250.13507080078125,15.960087776184082,232.663330078125
2022-06-29,137.03155517578125,108.91999816894531,111.03557586669922,163.17095947265625,253.82154846191406,15.520691871643066,228.49000549316406
2022-06-30,134.5612030029297,106.20999908447266,108.31340026855469,160.49359130859375,250.4763946533203,15.138216972351074,224.47332763671875
2022-07-01,136.73631286621094,109.55999755859375,108.0892562866211,159.27931213378906,253.15834045410156,14.503087043762207,227.26333618164062
2022-07-05,139.3247528076172,113.5,112.5877685546875,167.4010467529297,256.34747314453125,14.943483352661133,233.06666564941406
2022-07-06,140.66329956054688,114.33000183105469,113.88896942138672,168.97361755371094,259.6243591308594,15.10925579071045,231.73333740234375
2022-07-07,144.0391387939453,116.33000183105469,118.07485961914062,171.3822784423828,261.7601623535156,15.836256980895996,244.5433349609375
2022-07-08,144.71820068359375,115.54000091552734,118.6419677734375,170.0784149169922,261.03851318359375,15.816286087036133,250.76333618164062
2022-07-11,142.58248901367188,111.75,114.98688507080078,162.11593627929688,257.9664306640625,15.1312255859375,234.3433380126953
2022-07-12,143.55686950683594,109.22000122070312,113.34076690673828,162.50411987304688,247.3945770263672,15.061322212219238,233.07000732421875
2022-07-13,143.19271850585938,110.4000015258789,110.68965911865234,162.72308349609375,246.4680633544922,15.143210411071777,237.0399932861328
2022-07-14,146.12567138671875,110.62999725341797,109.70954132080078,157.30860900878906,247.79441833496094,15.350923538208008,238.31333923339844
2022-07-15,147.79881286621094,113.55000305175781,111.11112976074219,163.92739868164062,250.36911010742188,15.740388870239258,240.06666564941406
2022-07-18,144.747802734375,113.76000213623047,108.38001251220703,166.44552612304688,247.96022033691406,16.07892417907715,240.54666137695312
2022-07-19,148.61573791503906,118.20999908447266,113.13150787353516,174.95542907714844,253.10963439941406,16.968704223632812,245.52999877929688
2022-07-20,150.62351989746094,122.7699966430664,113.22098541259766,182.23114013671875,255.78184509277344,17.78258514404297,247.5
2022-07-21,152.8970489501953,124.62999725341797,113.6583480834961,182.31076049804688,258.2882080078125,18.025253295898438,271.7066650390625
2022-07-22,151.65692138671875,122.41999816894531,107.25674438476562,168.47596740722656,253.91905212402344,17.295255661010742,272.24334716796875
2022-07-25,150.5349578857422,121.13999938964844,106.86906433105469,165.86827087402344,252.42689514160156,17.00065803527832,268.4333190917969
2022-07-26,149.2062530517578,114.80999755859375,104.39390563964844,158.4034423828125,245.66835021972656,16.510337829589844,258.8599853515625
2022-07-27,154.3142852783203,120.97000122070312,112.385986328125,168.78451538085938,262.0917053222656,17.76561164855957,274.82000732421875
2022-07-28,154.86544799804688,122.27999877929688,113.53907012939453,159.96607971191406,269.57196044921875,17.95934295654297,280.8999938964844
2022-07-29,159.9439697265625,134.9499969482422,115.62654876708984,158.35369873046875,273.79486083984375,18.138097763061523,297.1499938964844
2022-08-01,158.95977783203125,135.38999938964844,114.17524719238281,159.17977905273438,271.1324462890625,18.41571617126465,297.27667236328125
2022-08-02,157.4834442138672,134.16000366210938,114.44364166259766,159.43856811523438,268.0213317871094,18.50060272216797,300.586669921875
2022-08-03,163.50680541992188,139.52000427246094,117.37606048583984,168.0081787109375,275.4820556640625,18.86709976196289,307.39666748046875
2022-08-04,163.1918487548828,142.57000732421875,117.48540496826172,169.76986694335938,276.63287353515625,19.188655853271484,308.6333312988281
2022-08-05,162.96519470214844,140.8000030517578,116.76969146728516,166.3260955810547,275.91119384765625,18.962968826293945,288.1700134277344
2022-08-08,162.4921112060547,139.41000366210938,116.6007080078125,169.4513702392578,273.3852844238281,17.768604278564453,290.42333984375
2022-08-09,162.54136657714844,137.8300018310547,115.9346923828125,167.73944091796875,275.3162536621094,17.06257438659668,283.3333435058594
2022-08-10,166.79908752441406,142.69000244140625,118.98640441894531,177.50343322753906,282.0065002441406,18.072187423706055,294.3566589355469
2022-08-11,166.05990600585938,140.63999938964844,118.13151550292969,176.65740966796875,279.91949462890625,17.917400360107422,286.6300048828125
2022-08-12,169.6178436279297,143.5500030517578,120.95458984375,179.65328979492188,284.6885986328125,18.683347702026367,300.0299987792969
2022-08-15,170.69210815429688,143.17999267578125,121.35221862792969,180.04147338867188,286.2099914550781,19.005905151367188,309.32000732421875
2022-08-16,170.534423828125,144.77999877929688,120.97447204589844,178.6281280517578,285.4687805175781,18.853118896484375,306.5633239746094
2022-08-17,172.03248596191406,142.10000610351562,118.83729553222656,174.02980041503906,284.7161865234375,18.309860229492188,303.9966735839844
2022-08-18,171.6382598876953,142.3000030517578,119.45359802246094,173.84068298339844,283.59228515625,18.747262954711914,302.8699951171875
2022-08-19,169.04620361328125,138.22999572753906,116.51123809814453,167.172119140625,279.6634521484375,17.824527740478516,296.6666564941406
2022-08-22,165.15316772460938,133.22000122070312,113.55895233154297,162.28515625,271.4538269042969,17.010648727416992,289.913330078125
2022-08-23,164.81808471679688,133.6199951171875,113.18122100830078,160.354248046875,270.1735534667969,17.157447814941406,296.4533386230469
2022-08-24,165.11370849609375,133.8000030517578,113.0122299194336,162.49415588378906,269.53826904296875,17.198389053344727,297.0966796875
2022-08-25,167.5776824951172,137.27999877929688,115.95458221435547,167.98826599121094,272.5289001464844,17.88844108581543,296.07000732421875
2022-08-26,161.2601318359375,130.75,109.68219757080078,161.0211181640625,262.0127868652344,16.237703323364258,288.0899963378906
2022-08-29,159.0524444580078,129.7899932861328,108.7676773071289,158.42333984375,259.2176513671875,15.779335975646973,284.82000732421875
2022-08-30,156.61807250976562,128.72999572753906,108.29054260253906,156.42279052734375,257.00885009765625,15.446793556213379,277.70001220703125
2022-08-31,154.9524688720703,126.7699966430664,107.5748291015625,162.16571044921875,255.5428466796875,15.073304176330566,275.6099853515625
2022-09-01,155.68177795410156,127.81999969482422,109.08578491210938,164.58432006835938,254.49708557128906,13.917892456054688,277.1600036621094
2022-09-02,153.56277465820312,127.51000213623047,107.20703887939453,159.56796264648438,250.25547790527344,13.628290176391602,270.2099914550781
2022-09-06,152.30125427246094,126.11000061035156,106.1732406616211,157.7963104248047,247.5092010498047,13.446537971496582,274.4200134277344
2022-09-07,153.7106170654297,129.47999572753906,108.79750061035156,159.6376190185547,252.2394561767578,13.69926643371582,283.70001220703125
2022-09-08,152.23226928710938,129.82000732421875,107.73387145996094,161.2997589111328,252.65975952148438,13.974969863891602,289.260009765625
2022-09-09,155.10028076171875,133.27000427246094,109.99034881591797,168.35653686523438,258.465087890625,14.37154483795166,299.67999267578125
2022-09-12,161.07284545898438,136.4499969482422,110.1990966796875,168.16744995117188,260.60540771484375,14.48941707611084,304.4200134277344
2022-09-13,151.62120056152344,126.81999969482422,103.69808959960938,152.4116973876953,246.27777099609375,13.116893768310547,292.1300048828125
2022-09-14,153.06996154785156,128.5500030517578,104.37403106689453,150.7594757080078,246.50253295898438,13.113897323608398,302.6099853515625
2022-09-15,150.17237854003906,126.27999877929688,102.29650115966797,148.84848022460938,239.81761169433594,12.915109634399414,303.75
2022-09-16,148.52647399902344,123.52999877929688,102.18714904785156,145.60377502441406,239.19212341308594,13.183820724487305,303.3500061035156
2022-09-19,152.25196838378906,124.66000366210938,102.4555435180664,147.32566833496094,238.9770965576172,13.367621421813965,309.07000732421875
2022-09-20,154.63702392578125,122.19000244140625,100.53704833984375,145.4047088623047,236.95401000976562,13.161844253540039,308.7300109863281
2022-09-21,151.50289916992188,118.54000091552734,98.6881332397461,141.4533233642578,233.53335571289062,13.24675464630127,300.79998779296875
2022-09-22,150.5370635986328,117.30999755859375,99.54299926757812,142.15005493164062,235.51734924316406,12.547505378723145,288.5899963378906
2022-09-23,148.26034545898438,113.77999877929688,98.15135955810547,139.75137329101562,232.52670288085938,12.502554893493652,275.3299865722656
2022-09-26,148.59547424316406,115.1500015258789,97.58474731445312,135.7303009033203,232.06736755371094,12.214863777160645,276.010009765625
2022-09-27,149.57119750976562,114.41000366210938,96.91874694824219,133.76953125,231.0509490966797,12.399664878845215,282.94000244140625
2022-09-28,147.67886352539062,118.01000213623047,99.45355224609375,140.94570922851562,235.6053009033203,12.722318649291992,287.80999755859375
2022-09-29,140.42503356933594,114.80000305175781,96.83922576904297,135.77012634277344,232.11624145507812,12.206872940063477,268.2099914550781
2022-09-30,136.20675659179688,113.0,95.07977294921875,135.04351806640625,227.62051391601562,12.125958442687988,265.25
2022-10-03,140.3954620361328,115.87999725341797,98.05194854736328,137.95980834960938,235.28280639648438,12.498558044433594,242.39999389648438
2022-10-04,143.99282836914062,121.08999633789062,101.03406524658203,139.62196350097656,243.23829650878906,13.152854919433594,249.44000244140625
2022-10-05,144.28848266601562,120.94999694824219,100.82530212402344,138.32806396484375,243.55099487304688,13.194809913635254,240.80999755859375
2022-10-06,143.3324737548828,120.30000305175781,100.81537628173828,138.41763305664062,241.1956329345703,13.11589527130127,238.1300048828125
2022-10-07,138.06951904296875,114.55999755859375,98.09171295166016,132.82400512695312,228.93014526367188,12.063027381896973,223.07000732421875
2022-10-10,138.3947296142578,113.66999816894531,97.276611328125,133.1623992919922,224.05325317382812,11.657464981079102,222.9600067138672
2022-10-11,136.97552490234375,112.20999908447266,96.60065460205078,127.93700408935547,220.30030822753906,11.573554039001465,216.5
2022-10-12,136.34475708007812,112.9000015258789,96.9783935546875,126.90190887451172,220.63258361816406,11.487646102905273,217.24000549316406
2022-10-13,140.9276885986328,112.52999877929688,98.46943664550781,129.67881774902344,228.93014526367188,11.947152137756348,221.72000122070312
2022-10-14,136.38417053222656,106.9000015258789,95.98434448242188,126.1653823852539,223.37889099121094,11.214940071105957,204.99000549316406
2022-10-17,140.35601806640625,113.79000091552734,99.37403106689453,133.41122436523438,232.14552307128906,11.875228881835938,219.35000610351562
2022-10-18,141.67669677734375,116.36000061035156,100.16925811767578,132.1770477294922,233.0935821533203,11.954143524169922,220.19000244140625
2022-10-19,141.78512573242188,115.06999969482422,99.03604888916016,132.6050262451172,231.11935424804688,12.038053512573242,222.0399932861328
2022-10-20,141.32186889648438,115.25,99.37403106689453,130.9130096435547,230.79681396484375,12.180901527404785,207.27999877929688
2022-10-21,145.1459503173828,119.31999969482422,100.527099609375,129.40013122558594,236.6315155029297,12.452607154846191,214.44000244140625
2022-10-24,147.29449462890625,119.81999969482422,101.9088134765625,129.1114959716797,241.6452178955078,12.585466384887695,211.25
2022-10-25,150.14280700683594,120.5999984741211,103.85713195800781,136.86495971679688,244.97792053222656,13.24675464630127,222.4199981689453
2022-10-26,147.19593811035156,115.66000366210938,94.36406707763672,129.21102905273438,226.07630920410156,12.882145881652832,224.63999938964844
2022-10-27,142.71157836914062,110.95999908447266,91.67021942138672,97.48057556152344,221.60989379882812,13.161844253540039,225.08999633789062
2022-10-28,153.49380493164062,103.41000366210938,95.7159652709961,98.73465728759766,230.5231475830078,13.819137573242188,228.52000427246094
2022-10-31,151.12840270996094,102.44000244140625,93.94657135009766,92.7229995727539,226.8679656982422,13.482500076293945,227.5399932861328
2022-11-01,148.47718811035156,96.79000091552734,89.93065643310547,94.75342559814453,222.9977264404297,13.528450965881348,227.82000732421875
2022-11-02,142.93826293945312,92.12000274658203,86.45152282714844,90.11528778076172,215.11068725585938,13.204797744750977,214.97999572753906
2022-11-03,136.876953125,89.30000305175781,82.93263244628906,88.4929428100586,209.39328002929688,13.40658187866211,215.30999755859375
2022-11-04,136.6104278564453,90.9800033569336,86.06385803222656,90.36412811279297,216.37139892578125,14.140791893005371,207.47000122070312
2022-11-07,137.1435089111328,90.52999877929688,87.96245574951172,96.26629638671875,222.70452880859375,14.285635948181152,197.0800018310547
2022-11-08,137.71609497070312,89.9800033569336,88.3700180053711,96.01746368408203,223.68185424804688,14.586313247680664,191.3000030517578
2022-11-09,133.14529418945312,86.13999938964844,86.79942321777344,100.9940185546875,219.4207000732422,13.761199951171875,177.58999633789062
2022-11-10,144.9918212890625,96.62999725341797,93.37997436523438,111.34523010253906,237.4720001220703,15.733078956604004,190.72000122070312
2022-11-11,147.78564453125,100.79000091552734,95.83525085449219,112.48983764648438,241.50836181640625,16.309459686279297,195.97000122070312
2022-11-14,146.3837890625,98.48999786376953,95.12946319580078,113.6842041015625,236.07443237304688,16.277496337890625,190.9499969482422
2022-11-15,148.12127685546875,98.94000244140625,97.8531494140625,116.53079223632812,236.48492431640625,16.648096084594727,194.4199981689453
2022-11-16,146.88729858398438,97.12000274658203,98.26069641113281,112.69884490966797,236.9161376953125,15.89291000366211,186.9199981689453
2022-11-17,148.79263305664062,94.8499984741211,97.77362823486328,110.92720031738281,236.8671417236328,15.660157203674316,183.1699981689453
2022-11-18,149.3553009033203,94.13999938964844,96.84915161132812,111.52438354492188,236.41629028320312,15.392446517944336,180.19000244140625
2022-11-21,146.1172637939453,92.45999908447266,95.03006744384766,109.34465026855469,237.22976684570312,15.300545692443848,167.8699951171875
2022-11-22,148.25949096679688,93.19999694824219,96.47142791748047,110.91725158691406,240.15042114257812,16.02077293395996,169.91000366210938
2022-11-23,149.13815307617188,94.12999725341797,97.87303161621094,111.71349334716797,242.6496124267578,16.501251220703125,183.1999969482422
2022-11-25,146.21595764160156,93.41000366210938,96.87899017333984,110.88739013671875,242.56143188476562,16.252521514892578,182.86000061035156
2022-11-28,142.37571716308594,93.94999694824219,95.47740173339844,108.26972961425781,236.94554138183594,15.80999755859375,182.9199981689453
2022-11-29,139.36473083496094,92.41999816894531,94.62252044677734,108.946533203125,235.54403686523438,15.622198104858398,180.8300018310547
2022-11-30,146.13699340820312,96.54000091552734,100.387939453125,117.54600524902344,250.05909729003906,16.909143447875977,194.6999969482422
2022-12-01,146.41342163085938,95.5,100.387939453125,119.87503051757812,249.6180419921875,17.1209716796875,194.6999969482422
2022-12-02,145.91981506347656,94.12999725341797,99.84122467041016,122.91071319580078,249.9414825439453,16.862184524536133,194.86000061035156
2022-12-05,144.75491333007812,91.01000213623047,98.8869400024414,121.8556900024414,245.21743774414062,16.596399307250977,182.4499969482422
2022-12-06,141.0824737548828,88.25,96.40184020996094,113.58468627929688,240.23861694335938,15.973912239074707,179.82000732421875
2022-12-07,139.13768005371094,88.45999908447266,94.37401580810547,113.39556121826172,239.5035400390625,16.106801986694336,174.0399932861328
2022-12-08,140.8258056640625,90.3499984741211,93.15133666992188,114.78899383544922,242.4732208251953,17.154943466186523,173.44000244140625
2022-12-09,140.34210205078125,89.08999633789062,92.27659606933594,115.3563232421875,240.53265380859375,16.987079620361328,179.0500030517578
2022-12-12,142.64230346679688,90.55000305175781,92.75371551513672,114.17190551757812,247.48143005371094,17.520641326904297,167.82000732421875
2022-12-13,143.60977172851562,92.48999786376953,95.05989074707031,119.58638763427734,251.8036346435547,18.057207107543945,160.9499969482422
2022-12-14,141.37863159179688,91.58000183105469,94.50323486328125,121.01962280273438,252.09768676757812,17.659530639648438,156.8000030517578
2022-12-15,134.7544708251953,88.44999694824219,90.31832885742188,115.60515594482422,244.05113220214844,16.938119888305664,157.6699981689453
2022-12-16,132.78988647460938,87.86000061035156,89.72190856933594,118.86975860595703,239.8172149658203,16.55743408203125,150.22999572753906
2022-12-19,130.67726135253906,84.91999816894531,87.91275787353516,113.9429931640625,235.66160583496094,16.24068832397461,149.8699951171875
2022-12-20,130.608154296875,85.19000244140625,88.48929595947266,116.54074096679688,236.98472595214844,16.07183074951172,137.8000030517578
2022-12-21,133.71791076660156,86.7699966430664,89.04596710205078,119.19821166992188,239.56234741210938,16.48748779296875,137.57000732421875
2022-12-22,130.53903198242188,83.79000091552734,87.23680877685547,116.57061004638672,233.44664001464844,15.32644271850586,125.3499984741211
2022-12-23,130.17379760742188,85.25,88.69804382324219,117.48628997802734,233.9758758544922,15.193551063537598,123.1500015258789
2022-12-27,128.36715698242188,83.04000091552734,86.8690185546875,116.33172607421875,232.24114990234375,14.1094388961792,109.0999984741211
2022-12-28,124.42822265625,81.81999969482422,85.50718688964844,115.07764434814453,229.85951232910156,14.02450942993164,112.70999908447266
2022-12-29,127.95256805419922,84.18000030517578,87.92269897460938,119.69587707519531,236.21046447753906,14.591044425964355,121.81999969482422
2022-12-30,128.26844787597656,84.0,87.70401000976562,119.77549743652344,235.044189453125,14.602035522460938,123.18000030517578
2023-01-03,123.47061157226562,85.81999969482422,88.58870697021484,124.15485382080078,234.80894470214844,14.303278923034668,108.0999984741211
2023-01-04,124.7441177368164,85.13999938964844,87.55490112304688,126.77252197265625,224.5376739501953,14.736924171447754,113.63999938964844
2023-01-05,123.4212417602539,83.12000274658203,85.68611907958984,126.34454345703125,217.8828887939453,14.253321647644043,110.33999633789062
2023-01-06,127.96240997314453,86.08000183105469,86.81930541992188,129.41009521484375,220.45069885253906,14.846833229064941,113.05999755859375
2023-01-09,128.48565673828125,87.36000061035156,87.49525451660156,128.8626708984375,222.59707641601562,15.615204811096191,119.7699966430664
2023-01-10,129.05821228027344,89.87000274658203,87.89286804199219,132.3661651611328,224.29261779785156,15.895976066589355,118.8499984741211
2023-01-11,131.78292846679688,95.08999633789062,90.97439575195312,132.26661682128906,231.0748291015625,15.987899780273438,123.22000122070312
2023-01-12,131.70394897460938,95.2699966430664,90.58671569824219,136.06869506835938,233.76025390625,16.497480392456055,123.55999755859375
2023-01-13,133.03668212890625,98.12000274658203,91.5708236694336,136.33746337890625,234.46592712402344,16.88516616821289,122.4000015258789
2023-01-17,134.20162963867188,96.05000305175781,90.74577331542969,134.72503662109375,235.56361389160156,17.6875057220459,131.49000549316406
2023-01-18,133.48097229003906,95.45999908447266,90.5767822265625,132.39601135253906,231.11402893066406,17.362775802612305,128.77999877929688
2023-01-19,133.54014587402344,93.68000030517578,92.49527740478516,135.51132202148438,227.31129455566406,16.75127410888672,127.16999816894531
2023-01-20,136.10690307617188,97.25,97.4356460571289,138.7162322998047,235.4362030029297,17.82439422607422,133.4199981689453
2023-01-23,139.30552673339844,97.5199966430664,99.19509887695312,142.5979461669922,237.7492218017578,19.177288055419922,143.75
2023-01-24,140.7073516845703,96.31999969482422,97.1175537109375,142.46853637695312,237.2199249267578,19.249225616455078,143.88999938964844
2023-01-25,140.04591369628906,97.18000030517578,94.65233612060547,140.8362274169922,235.81845092773438,19.307178497314453,144.42999267578125
2023-01-26,142.1190643310547,99.22000122070312,96.93862915039062,146.6090545654297,243.06126403808594,19.785785675048828,160.27000427246094
2023-01-27,144.0638427734375,102.23999786376953,98.77760314941406,151.02818298339844,243.2180938720703,20.348325729370117,177.89999389648438
2023-01-30,141.1713104248047,100.55000305175781,96.3620834350586,146.3701629638672,237.8766326904297,19.146310806274414,166.66000366210938
2023-01-31,142.44480895996094,103.12999725341797,98.25076293945312,148.2711944580078,242.8750762939453,19.521007537841797,173.22000122070312
2023-02-01,143.57025146484375,105.1500015258789,99.83128356933594,152.4017333984375,247.71669006347656,20.925853729248047,181.41000366210938
2023-02-02,148.89134216308594,112.91000366210938,107.09770202636719,187.88450622558594,259.33074951171875,21.691225051879883,188.27000427246094
2023-02-03,152.52427673339844,103.38999938964844,104.15534210205078,185.65499877929688,253.2051544189453,21.082725524902344,189.97999572753906
2023-02-06,149.78968811035156,102.18000030517578,102.28655242919922,185.1872100830078,251.65663146972656,21.071735382080078,194.75999450683594
2023-02-07,152.67236328125,102.11000061035156,106.99829864501953,190.7211151123047,262.2317810058594,22.154850006103516,196.80999755859375
2023-02-08,149.9772491455078,100.05000305175781,98.77760314941406,182.5695343017578,261.4183044433594,22.186819076538086,201.2899932861328
2023-02-09,148.94068908691406,98.23999786376953,94.44358825683594,177.0854034423828,258.37017822265625,22.318714141845703,207.32000732421875
2023-02-10,149.30650329589844,97.61000061035156,94.0062026977539,173.33306884765625,257.8605651855469,21.247589111328125,196.88999938964844
2023-02-13,152.11448669433594,99.54000091552734,94.04597473144531,178.5883026123047,265.9168701171875,21.770156860351562,194.63999938964844
2023-02-14,151.4718017578125,99.69999694824219,94.11556243896484,178.63807678222656,266.74993896484375,22.952192306518555,209.25
2023-02-15,153.57778930664062,101.16000366210938,96.3620834350586,176.3289794921875,264.61785888671875,22.745357513427734,214.24000549316406
2023-02-16,151.97607421875,98.1500015258789,94.94060516357422,171.631103515625,257.5730285644531,21.98398780822754,202.0399932861328
2023-02-17,150.8291473388672,97.19999694824219,93.78752136230469,172.0690460205078,253.55442810058594,21.3704891204834,208.30999755859375
2023-02-21,146.80506896972656,94.58000183105469,91.24279022216797,171.2727813720703,248.25852966308594,20.63808822631836,197.3699951171875
2023-02-22,147.23019409179688,95.79000091552734,91.10362243652344,170.3173065185547,247.11880493164062,20.737009048461914,200.86000061035156
2023-02-23,147.71466064453125,95.81999969482422,90.34815216064453,171.23297119140625,250.32183837890625,23.644624710083008,202.07000732421875
2023-02-24,145.05502319335938,93.5,88.59864044189453,169.59071350097656,244.86875915527344,23.266931533813477,196.8800048828125
2023-02-27,146.25137329101562,93.76000213623047,89.33423614501953,168.74468994140625,245.79237365722656,23.48175811767578,207.6300048828125
2023-02-28,145.74713134765625,94.2300033569336,89.52310180664062,174.119384765625,245.0652618408203,23.196992874145508,205.7100067138672
2023-03-01,143.67080688476562,92.16999816894531,89.8213119506836,172.60650634765625,241.97027587890625,22.679414749145508,202.77000427246094
2023-03-02,144.26405334472656,92.12999725341797,91.45153045654297,173.7113037109375,246.72576904296875,23.29491424560547,190.89999389648438
2023-03-03,149.32627868652344,94.9000015258789,93.0916976928711,184.38101196289062,250.83277893066406,23.870441436767578,197.7899932861328
2023-03-06,152.09471130371094,93.75,94.5628662109375,184.03265380859375,252.3852081298828,23.53471565246582,193.80999755859375
2023-03-07,149.88987731933594,93.55000305175781,93.30044555664062,183.6444549560547,249.71267700195312,23.272884368896484,187.7100067138672
2023-03-08,151.14553833007812,93.91999816894531,93.68811798095703,184.1023406982422,249.27052307128906,24.16530418395996,182.0
2023-03-09,148.89125061035156,92.25,91.76962280273438,180.83770751953125,247.9146728515625,23.42078971862793,172.9199981689453
2023-03-10,146.82484436035156,90.7300033569336,90.0896987915039,178.66793823242188,244.24977111816406,22.95009422302246,173.44000244140625
2023-03-13,148.77261352539062,92.43000030517578,90.56684112548828,180.05140686035156,249.48670959472656,22.951093673706055,174.47999572753906
2023-03-14,150.8686981201172,94.87999725341797,93.4097900390625,193.10989379882812,256.2367858886719,24.047380447387695,183.25999450683594
2023-03-15,151.26417541503906,96.19999694824219,95.53704071044922,196.82237243652344,260.8055419921875,24.212276458740234,180.4499969482422
2023-03-16,154.09193420410156,100.04000091552734,99.721923828125,203.9686737060547,271.3777160644531,25.524423599243164,184.1300048828125
2023-03-17,153.2515106201172,98.94999694824219,101.0141830444336,194.69241333007812,274.55133056640625,25.70830535888672,180.1300048828125
2023-03-20,155.6244354248047,97.70999908447266,100.6165771484375,196.88211059570312,267.4770202636719,25.883190155029297,183.25
2023-03-21,157.4832305908203,100.61000061035156,104.29450988769531,201.21170043945312,268.9999694824219,26.181995391845703,197.5800018310547
2023-03-22,156.04959106445312,98.69999694824219,102.75375366210938,198.8727264404297,267.5359802246094,26.450820922851562,191.14999389648438
2023-03-23,157.13717651367188,98.70999908447266,104.970458984375,203.32174682617188,272.81219482421875,27.173349380493164,192.22000122070312
2023-03-24,158.44229125976562,98.12999725341797,104.81141662597656,205.04364013671875,275.67144775390625,26.76161766052246,190.41000366210938
2023-03-27,156.4945068359375,98.04000091552734,101.84918212890625,201.88851928710938,271.5545959472656,26.513782501220703,191.80999755859375
2023-03-28,155.87158203125,97.23999786376953,100.42770385742188,199.73861694335938,270.4246520996094,26.392860412597656,189.19000244140625
2023-03-29,158.95643615722656,100.25,100.78555297851562,204.38671875,275.61248779296875,26.96648406982422,193.8800048828125
2023-03-30,160.52845764160156,102.0,100.28853607177734,206.86505126953125,279.0906066894531,27.36522674560547,195.27999877929688
2023-03-31,163.0398406982422,103.29000091552734,103.11161041259766,210.94581604003906,283.2664489746094,27.75897216796875,207.4600067138672
2023-04-03,164.2954864501953,102.41000366210938,103.73784637451172,212.07052612304688,282.21514892578125,27.946849822998047,194.77000427246094
2023-04-04,163.76161193847656,103.94999694824219,104.09569549560547,213.7127685546875,282.1659851074219,27.4351806640625,192.5800018310547
2023-04-05,161.91270446777344,101.0999984741211,103.84719848632812,210.48794555664062,279.3755798339844,26.863555908203125,185.52000427246094
2023-04-06,162.8025360107422,102.05999755859375,107.77364349365234,215.0863037109375,286.5088195800781,27.019453048706055,185.05999755859375
2023-04-10,160.20220947265625,102.16999816894531,105.80545043945312,213.7426300048828,284.33746337890625,27.561098098754883,184.50999450683594
2023-04-11,158.98609924316406,99.91999816894531,104.7219467163086,212.8468780517578,277.8919372558594,27.151365280151367,186.7899932861328
2023-04-12,158.29397583007812,97.83000183105469,104.01617431640625,212.99615478515625,278.5404357910156,26.477800369262695,180.5399932861328
2023-04-13,163.6923828125,102.4000015258789,106.78954315185547,219.3163604736328,284.77960205078125,26.445825576782227,185.89999389648438
2023-04-14,163.34632873535156,102.51000213623047,108.22096252441406,220.4510040283203,281.1441650390625,26.740633010864258,185.0
2023-04-17,163.36610412597656,102.73999786376953,105.33824920654297,217.83334350585938,283.7576904296875,26.984474182128906,187.0399932861328
2023-04-18,164.5921173095703,102.30000305175781,103.87701416015625,216.86788940429688,283.3352355957031,27.6490421295166,184.30999755859375
2023-04-19,165.7390594482422,104.30000305175781,103.55892181396484,214.68817138671875,283.413818359375,27.912872314453125,180.58999633789062
2023-04-20,164.7700958251953,103.80999755859375,104.66231536865234,212.07052612304688,281.11468505859375,27.086406707763672,162.99000549316406
2023-04-21,163.15847778320312,106.95999908447266,104.78160095214844,211.891357421875,280.7708435058594,27.101398468017578,165.0800018310547
2023-04-24,163.46498107910156,106.20999908447266,105.33824920654297,211.79180908203125,276.8504638671875,27.024450302124023,162.5500030517578
2023-04-25,161.92257690429688,102.56999969482422,103.23088836669922,206.57640075683594,270.6114196777344,26.223968505859375,160.6699981689453
2023-04-26,161.91270446777344,104.9800033569336,103.09172821044922,208.41770935058594,290.2129821777344,26.93850326538086,153.75
2023-04-27,166.51022338867188,109.81999969482422,106.94859313964844,237.44094848632812,299.5078125,27.208328247070312,160.19000244140625
2023-04-28,167.76589965820312,105.44999694824219,106.70008087158203,239.19268798828125,301.89544677734375,27.73099136352539,164.30999755859375
2023-05-01,167.6769256591797,102.05000305175781,106.5609130859375,242.03924560546875,300.2251281738281,28.8912353515625,161.8300018310547
2023-05-02,166.63877868652344,103.62999725341797,104.69212341308594,238.1177520751953,300.0777282714844,28.19169044494629,160.30999755859375
2023-05-03,165.5610809326172,103.6500015258789,104.78160095214844,235.91812133789062,299.0853271484375,27.783952713012695,160.61000061035156
2023-05-04,163.91978454589844,104.0,104.06588745117188,232.42459106445312,300.0777282714844,27.544111251831055,161.1999969482422
2023-05-05,171.61203002929688,105.66000366210938,104.94063568115234,231.68804931640625,305.2262268066406,28.661386489868164,170.05999755859375
2023-05-08,171.5428009033203,105.83000183105469,107.12751007080078,232.17576599121094,303.26116943359375,29.132080078125,171.7899932861328
2023-05-09,169.83233642578125,106.62000274658203,106.71002197265625,232.27528381347656,301.63995361328125,28.552453994750977,169.14999389648438
2023-05-10,171.60214233398438,110.19000244140625,111.08380126953125,231.9866485595703,306.85723876953125,28.866252899169922,168.5399932861328
2023-05-11,171.79000854492188,112.18000030517578,115.87505340576172,234.68392944335938,304.6956787109375,28.559450149536133,172.0800018310547
2023-05-12,170.8593292236328,110.26000213623047,116.80945587158203,232.71319580078125,303.5755310058594,28.321605682373047,167.97999572753906
2023-05-15,170.3642578125,111.19999694824219,115.81541442871094,237.73951721191406,304.0570373535156,28.9342098236084,166.35000610351562
2023-05-16,170.3642578125,113.4000015258789,118.79753112792969,237.69973754882812,306.2971496582031,29.19403839111328,166.52000427246094
2023-05-17,170.97811889648438,115.5,120.11959838867188,241.35250854492188,309.1922302246094,30.15841293334961,173.86000061035156
2023-05-18,173.31475830078125,118.1500015258789,122.09773254394531,245.69207763671875,313.6429748535156,31.657440185546875,176.88999938964844
2023-05-19,173.4236297607422,116.25,122.02816009521484,244.48773193359375,313.46575927734375,31.24370574951172,180.13999938964844
2023-05-22,172.47312927246094,115.01000213623047,124.30450439453125,247.15516662597656,316.26226806640625,31.155765533447266,188.8699951171875
2023-05-23,169.8593292236328,114.98999786376953,121.829345703125,245.5825653076172,310.43292236328125,30.668081283569336,185.77000427246094
2023-05-24,170.13656616210938,116.75,120.17923736572266,248.04100036621094,309.04449462890625,30.518178939819336,182.89999389648438
2023-05-25,171.27516174316406,115.0,122.74386596679688,251.50465393066406,320.9296569824219,37.95534896850586,184.47000122070312
2023-05-26,173.69093322753906,120.11000061035156,123.86712646484375,260.8108215332031,327.79296875,38.92072296142578,193.1699981689453
2023-05-30,175.54241943359375,121.66000366210938,122.93273162841797,261.28857421875,326.1387023925781,40.08496856689453,201.16000366210938
2023-05-31,175.492919921875,120.58000183105469,122.13750457763672,263.47821044921875,323.36187744140625,37.809444427490234,203.92999267578125
2023-06-01,178.30474853515625,122.7699966430664,122.98243713378906,271.33123779296875,327.4876708984375,39.74418640136719,207.52000427246094
2023-06-02,179.15621948242188,124.25,123.92676544189453,271.33123779296875,330.2645263671875,39.30147171020508,213.97000122070312
2023-06-05,177.79981994628906,125.30000305175781,125.25878143310547,270.116943359375,330.7962341308594,39.14558029174805,217.61000061035156
2023-06-06,177.43350219726562,126.61000061035156,126.551025390625,269.8481750488281,328.57080078125,38.62891387939453,221.30999755859375
2023-06-07,176.05728149414062,121.2300033569336,121.76970672607422,262.36346435546875,318.4285583496094,37.454551696777344,224.57000732421875
2023-06-08,178.78001403808594,124.25,121.41185760498047,263.3388977050781,320.27978515625,38.488990783691406,234.86000061035156
2023-06-09,179.16615295410156,123.43000030517578,121.50132751464844,263.7071533203125,321.786376953125,38.748844146728516,244.39999389648438
2023-06-12,181.9680938720703,126.56999969482422,122.90290832519531,269.77850341796875,326.76885986328125,39.46045684814453,249.8300018310547
2023-06-13,181.4928436279297,126.66000366210938,123.09178161621094,270.0472717285156,329.17156982421875,40.99961471557617,258.7099914550781
2023-06-14,182.12649536132812,126.41999816894531,122.93273162841797,272.0677795410156,332.1748352050781,42.97353744506836,256.7900085449219
2023-06-15,184.16607666015625,127.11000061035156,124.3442611694336,280.5079345703125,342.7700500488281,42.629730224609375,255.89999389648438
2023-06-16,183.08689880371094,125.48999786376953,122.79356384277344,279.68182373046875,337.08837890625,42.668704986572266,260.5400085449219
2023-06-20,183.1759796142578,125.77999877929688,122.36612701416016,282.9962463378906,332.8739013671875,43.784095764160156,274.45001220703125
2023-06-21,182.1363983154297,124.83000183105469,119.83133697509766,280.31884765625,328.4526672363281,43.02151107788086,259.4599914550781
2023-06-22,185.14627075195312,130.14999389648438,122.41583251953125,283.5436706542969,334.508544921875,43.00152587890625,264.6099853515625
2023-06-23,184.82943725585938,129.3300018310547,121.61064910888672,287.3756103515625,329.89031982421875,42.185970306396484,256.6000061035156
2023-06-26,183.43341064453125,127.33000183105469,117.63449096679688,277.1637268066406,323.5686340332031,40.609825134277344,241.0500030517578
2023-06-27,186.1957550048828,129.17999267578125,117.62456512451172,285.7034912109375,329.4472961425781,41.8531494140625,250.2100067138672
2023-06-28,187.3739471435547,129.0399932861328,119.46353912353516,283.9517822265625,330.7076721191406,41.094566345214844,256.239990234375
2023-06-29,187.71058654785156,127.9000015258789,118.38997650146484,280.2093811035156,329.91986083984375,40.79972839355469,257.5
2023-06-30,192.04718017578125,130.36000061035156,118.98640441894531,285.6338195800781,335.3258361816406,42.27891540527344,261.7699890136719
2023-07-03,190.55215454101562,130.22000122070312,119.18521118164062,284.6783142089844,332.81488037109375,42.389854431152344,279.82000732421875
2023-07-05,189.43333435058594,130.3800048828125,121.02417755126953,292.9891662597656,332.9723815917969,42.29391098022461,282.4800109863281
2023-07-06,189.9085693359375,128.36000061035156,119.39395141601562,290.62030029296875,336.044677734375,42.08002853393555,276.5400085449219
2023-07-07,188.78977966308594,129.77999877929688,118.76771545410156,289.16717529296875,332.056640625,42.47980499267578,274.42999267578125
2023-07-10,186.74032592773438,127.12999725341797,115.7557601928711,292.72039794921875,326.74920654296875,42.156978607177734,269.6099853515625
2023-07-11,186.21556091308594,128.77999877929688,116.44165802001953,296.8907775878906,327.37939453125,42.38186264038086,269.7900085449219
2023-07-12,187.88880920410156,130.8000030517578,118.22098541259766,307.888916015625,332.0369567871094,43.878047943115234,271.989990234375
2023-07-13,188.6511688232422,134.3000030517578,123.79754638671875,311.9398498535156,337.413330078125,45.9519157409668,277.8999938964844
2023-07-14,188.79971313476562,134.67999267578125,124.67229461669922,307.42108154296875,339.9538269042969,45.444190979003906,281.3800048828125
2023-07-17,192.0669708251953,133.55999755859375,123.90689086914062,309.16290283203125,340.4364013671875,46.43564987182617,290.3800048828125
2023-07-18,191.8095703125,132.8300018310547,123.0221939086914,310.5862121582031,353.9856262207031,47.46809005737305,293.3399963378906
2023-07-19,193.16598510742188,135.36000061035156,121.30250549316406,314.52764892578125,349.6431884765625,47.05131530761719,291.260009765625
2023-07-20,191.2155303955078,129.9600067138672,118.4893798828125,301.1009216308594,341.5588684082031,45.49515914916992,262.8999938964844
2023-07-21,190.03732299804688,130.0,119.30448913574219,292.879638671875,338.5063781738281,44.284820556640625,260.0199890136719
2023-07-24,190.8392791748047,128.8000030517578,120.80548858642578,290.2420654296875,339.8258361816406,44.5876579284668,269.05999755859375
2023-07-25,191.7006378173828,129.1300048828125,121.48143768310547,293.08868408203125,345.6059875488281,45.65407943725586,265.2799987792969
2023-07-26,192.57192993164062,128.14999389648438,128.4993438720703,297.1694641113281,332.5982360839844,45.42720031738281,264.3500061035156
2023-07-27,191.30459594726562,128.25,128.62857055664062,310.247802734375,325.65618896484375,45.87495803833008,255.7100067138672
2023-07-28,193.88873291015625,132.2100067138672,131.78961181640625,323.9532165527344,333.18902587890625,46.72449493408203,266.44000244140625
2023-07-31,194.50257873535156,133.67999267578125,131.92877197265625,317.10546875,330.7765808105469,46.703495025634766,267.42999267578125
2023-08-01,193.67091369628906,131.69000244140625,130.7657470703125,321.1961669921875,331.19012451171875,46.481624603271484,261.07000732421875
2023-08-02,190.6709442138672,128.2100067138672,127.61466217041016,312.8356018066406,322.4855041503906,44.244850158691406,254.11000061035156
2023-08-03,189.2749481201172,128.91000366210938,127.68423461914062,311.72088623046875,321.6583251953125,44.4907112121582,259.32000732421875
2023-08-04,180.18594360351562,139.57000732421875,127.34625244140625,309.27239990234375,322.76123046875,44.65562057495117,253.86000061035156
2023-08-07,177.07705688476562,142.22000122070312,130.74588012695312,315.0750732421875,325.0554504394531,45.3922233581543,251.4499969482422
2023-08-08,178.0176239013672,139.94000244140625,130.6166229248047,311.1734619140625,321.0576477050781,44.6396369934082,249.6999969482422
2023-08-09,176.423583984375,137.85000610351562,128.8870086669922,303.77825927734375,317.29620361328125,42.530784606933594,242.19000244140625
2023-08-10,176.205810546875,138.55999755859375,128.91685485839844,304.3058166503906,317.9854431152344,42.36487579345703,245.33999633789062
2023-08-11,176.26527404785156,138.41000366210938,128.78761291503906,300.2250671386719,316.0948486328125,40.83271026611328,242.64999389648438
2023-08-14,177.92095947265625,140.57000732421875,130.5470733642578,304.7536926269531,319.0784606933594,43.729122161865234,239.75999450683594
2023-08-15,175.92819213867188,137.6699981689453,129.00631713867188,300.53363037109375,316.9317932128906,43.9160270690918,232.9600067138672
2023-08-16,175.0557403564453,135.07000732421875,127.9327392578125,292.9095153808594,316.16217041015625,43.46227264404297,225.60000610351562
2023-08-17,172.5077667236328,133.97999572753906,129.14547729492188,283.752685546875,312.6887512207031,43.32034683227539,219.22000122070312
2023-08-18,172.99359130859375,133.22000122070312,126.70013427734375,281.9212951660156,312.2940368652344,43.27537155151367,215.49000549316406
2023-08-21,174.33197021484375,134.67999267578125,127.60470581054688,288.54010009765625,317.6226501464844,46.941375732421875,231.27999877929688
2023-08-22,175.71006774902344,134.25,128.31048583984375,286.2508850097656,318.1949157714844,45.64308166503906,233.19000244140625
2023-08-23,179.56671142578125,135.52000427246094,131.58087158203125,292.8597412109375,322.67486572265625,47.09029769897461,236.86000061035156
2023-08-24,174.8673553466797,131.83999633789062,129.00631713867188,285.4048767089844,315.73785400390625,47.13726806640625,230.0399932861328
2023-08-25,177.07823181152344,133.25999450683594,129.105712890625,284.1607360839844,318.70806884765625,45.99289321899414,238.58999633789062
2023-08-28,178.6446990966797,133.13999938964844,130.2289581298828,288.8984375,319.41851806640625,46.809444427490234,238.82000732421875
2023-08-29,182.54095458984375,134.91000366210938,133.7677459716797,296.5921325683594,324.06622314453125,48.757381439208984,257.17999267578125
2023-08-30,186.0406951904297,135.07000732421875,135.0699462890625,293.7156982421875,324.44122314453125,49.237125396728516,256.8999938964844
2023-08-31,186.25881958007812,138.00999450683594,135.35821533203125,294.5020446777344,323.42486572265625,49.32807540893555,258.0799865722656
2023-09-01,187.83522033691406,138.1199951171875,134.8512420654297,294.9897155761719,324.3128967285156,48.48252868652344,245.00999450683594
2023-09-05,188.0731201171875,137.27000427246094,134.96058654785156,298.7420349121094,329.13824462890625,48.52151870727539,256.489990234375
2023-09-06,181.34136962890625,135.36000061035156,133.65841674804688,297.7666015625,328.4771423339844,47.0391960144043,251.9199981689453
2023-09-07,176.0372314453125,137.85000610351562,134.45361328125,297.26898193359375,325.54638671875,46.21957778930664,251.49000549316406
2023-09-08,176.6519317626953,138.22999572753906,135.56695556640625,296.49261474609375,329.8486633300781,45.55088424682617,248.5
2023-09-11,177.82180786132812,143.10000610351562,136.10372924804688,306.1172790527344,333.4701843261719,45.15707015991211,273.5799865722656
2023-09-12,174.7880401611328,141.22999572753906,134.53314208984375,300.24493408203125,327.38177490234375,44.84920883178711,267.4800109863281
2023-09-13,172.71597290039062,144.85000610351562,135.89500427246094,303.6289978027344,331.61505126953125,45.46392822265625,271.29998779296875
2023-09-14,174.23284912109375,144.72000122070312,137.27671813964844,310.25775146484375,334.2201232910156,45.55988693237305,276.0400085449219
2023-09-15,173.5091094970703,140.38999938964844,136.58087158203125,298.9012451171875,325.8522644042969,43.87966537475586,274.3900146484375
2023-09-18,176.44374084472656,139.97999572753906,137.3860626220703,301.1307678222656,324.7076110839844,43.94562911987305,265.2799987792969
2023-09-19,177.53428649902344,137.6300048828125,137.217041015625,303.63897705078125,324.30303955078125,43.49983596801758,266.5
2023-09-20,173.98500061035156,135.2899932861328,132.9427032470703,298.2643127441406,316.5272521972656,42.21943283081055,262.5899963378906
2023-09-21,172.4383544921875,129.3300018310547,129.66238403320312,294.3427734375,315.3036804199219,40.99799346923828,255.6999969482422
2023-09-22,173.29098510742188,129.1199951171875,129.47349548339844,297.677001953125,312.8169860839844,41.590721130371094,244.8800048828125
2023-09-25,174.56993103027344,131.27000427246094,130.328369140625,299.4187927246094,313.3399658203125,42.20243835449219,246.99000549316406
2023-09-26,170.4852752685547,125.9800033569336,127.80353546142578,297.5575866699219,308.011474609375,41.89158248901367,244.1199951171875
2023-09-27,168.96836853027344,125.9800033569336,129.76177978515625,296.3433532714844,308.65283203125,42.448326110839844,240.5
2023-09-28,169.22616577148438,125.9800033569336,131.52120971679688,302.5341491699219,309.4916076660156,43.069034576416016,246.3800048828125
2023-09-29,169.74171447753906,127.12000274658203,130.0798797607422,298.8017578125,311.5736389160156,43.478851318359375,250.22000122070312
2023-10-02,172.25991821289062,129.4600067138672,133.37013244628906,305.3807373046875,317.54364013671875,44.76124954223633,251.60000610351562
2023-10-03,170.92149353027344,124.72000122070312,131.6405029296875,299.5283203125,309.24493408203125,43.49683380126953,246.52999877929688
2023-10-04,172.17068481445312,127.0,134.4337615966797,304.14654541015625,314.7412109375,44.02059555053711,261.1600036621094
2023-10-05,173.4099884033203,125.95999908447266,134.26478576660156,303.3602600097656,315.13592529296875,44.66729736328125,260.04998779296875
2023-10-06,175.9678497314453,127.95999908447266,136.7598114013672,313.9503479003906,322.9314270019531,45.74080276489258,260.5299987792969
2023-10-09,177.45498657226562,128.25999450683594,137.59478759765625,316.8665771484375,325.45758056640625,45.25202178955078,259.6700134277344
2023-10-10,176.86012268066406,129.47999572753906,137.23695373535156,320.33026123046875,324.0465393066406,45.77678298950195,263.6199951171875
2023-10-11,178.25802612304688,131.8300018310547,139.71212768554688,326.2822265625,328.0232238769531,46.78431701660156,262.989990234375
2023-10-12,179.16021728515625,132.3300018310547,138.1415252685547,322.6393737792969,326.7798767089844,46.923248291015625,258.8699951171875
2023-10-13,177.31619262695312,129.7899932861328,136.54110717773438,313.2138366699219,323.3952331542969,45.439937591552734,251.1199951171875
2023-10-16,177.18728637695312,132.5500030517578,138.270751953125,319.64349365234375,328.2402648925781,46.07365036010742,253.9199981689453
2023-10-17,175.63075256347656,131.47000122070312,138.88705444335938,322.4801330566406,327.6679382324219,43.91764831542969,254.85000610351562
2023-10-18,174.33197021484375,128.1300048828125,137.13754272460938,315.4831237792969,325.74371337890625,42.17645263671875,242.67999267578125
2023-10-19,173.9552459716797,128.39999389648438,136.92877197265625,311.3426513671875,326.937744140625,42.08149719238281,220.11000061035156
2023-10-20,171.39739990234375,125.16999816894531,134.7916259765625,307.2021179199219,322.3492431640625,41.36782455444336,211.99000549316406
2023-10-23,171.516357421875,126.55999755859375,135.68624877929688,312.5370178222656,324.9642333984375,42.95509338378906,212.0800018310547
2023-10-24,171.95257568359375,128.55999755859375,137.9824676513672,311.0838623046875,326.158203125,43.64276885986328,216.52000427246094
2023-10-25,169.63267517089844,121.38999938964844,124.86116790771484,298.1249694824219,336.1640930175781,41.7596435546875,212.4199981689453
2023-10-26,165.45875549316406,119.56999969482422,121.55101776123047,286.9973449707031,323.5531005859375,40.30731964111328,205.75999450683594
2023-10-27,166.77734375,127.73999786376953,121.4416732788086,295.33807373046875,325.44769287109375,40.481239318847656,207.3000030517578
2023-10-30,168.82957458496094,132.7100067138672,123.71802520751953,301.2402648925781,332.8484802246094,41.14193344116211,197.36000061035156
2023-10-31,169.30548095703125,133.08999633789062,123.34029388427734,299.85675048828125,333.6379089355469,40.7611083984375,200.83999633789062
2023-11-01,172.47802734375,137.0,125.69615173339844,310.38714599609375,341.49261474609375,42.305397033691406,205.66000366210938
2023-11-02,176.0471649169922,138.07000732421875,126.7299575805664,309.4117431640625,343.712890625,43.485843658447266,218.50999450683594
2023-11-03,175.13504028320312,138.60000610351562,128.3303680419922,313.124267578125,348.1336669921875,44.98414993286133,219.9600067138672
2023-11-06,177.6929168701172,139.74000549316406,129.47349548339844,314.3186340332031,351.81427001953125,45.729801177978516,219.27000427246094
2023-11-07,180.26072692871094,142.7100067138672,130.189208984375,317.324462890625,355.7613830566406,45.933712005615234,222.17999267578125
2023-11-08,181.32151794433594,142.0800018310547,131.0540008544922,318.27996826171875,358.3960876464844,46.55242156982422,222.11000061035156
2023-11-09,180.84567260742188,140.60000610351562,129.4635772705078,319.04632568359375,355.91925048828125,46.928245544433594,209.97999572753906
2023-11-10,185.04489135742188,143.55999755859375,131.79954528808594,327.2277526855469,364.7804870605469,48.31260681152344,214.64999389648438
2023-11-13,183.45651245117188,142.58999633789062,131.3025360107422,327.64581298828125,361.83001708984375,48.59747314453125,223.7100067138672
2023-11-14,186.07733154296875,145.8000030517578,132.8234100341797,334.7323913574219,365.3725280761719,49.632991790771484,237.41000366210938
2023-11-15,186.6431884765625,143.1999969482422,133.81744384765625,331.1492614746094,365.5208435058594,48.865352630615234,242.83999633789062
2023-11-16,188.3308563232422,142.8300018310547,136.11367797851562,332.6223449707031,371.94793701171875,49.45708084106445,233.58999633789062
2023-11-17,188.31097412109375,145.17999267578125,134.5033416748047,333.4683532714844,365.6988525390625,49.27516174316406,234.3000030517578
2023-11-20,190.05816650390625,146.1300048828125,135.437744140625,338.3752136230469,373.2037048339844,50.385650634765625,235.60000610351562
2023-11-21,189.25404357910156,143.89999389648438,136.1534423828125,335.3992614746094,368.88275146484375,49.920860290527344,241.1999969482422
2023-11-22,189.91920471191406,146.7100067138672,137.6643829345703,339.88812255859375,373.60906982421875,48.69342803955078,234.2100067138672
2023-11-24,188.58892822265625,146.74000549316406,135.87510681152344,336.6434326171875,373.1937255859375,47.753868103027344,235.4499969482422
2023-11-27,188.41021728515625,147.72999572753906,135.59678649902344,333.1299743652344,374.3605041503906,48.21965408325195,236.0800018310547
2023-11-28,189.01577758789062,147.02999877929688,136.38206481933594,337.3998107910156,378.4046325683594,47.79884719848633,246.72000122070312
2023-11-29,187.9932861328125,146.32000732421875,134.1852569580078,330.6417236328125,374.59783935546875,48.117698669433594,244.13999938964844
2023-11-30,188.56907653808594,146.08999633789062,131.7399139404297,325.6153564453125,374.65716552734375,46.748329162597656,240.0800018310547
2023-12-01,189.84970092773438,147.02999877929688,131.07391357421875,323.29632568359375,370.3065490722656,46.74333953857422,238.8300018310547
2023-12-04,188.0528564453125,144.83999633789062,128.4993438720703,318.5188293457031,364.996826171875,45.48891067504883,235.5800018310547
2023-12-05,192.01385498046875,146.8800048828125,130.20909118652344,316.79693603515625,368.3388977050781,46.548519134521484,238.72000122070312
2023-12-06,190.92185974121094,144.52000427246094,129.24488830566406,315.96087646484375,364.6606140136719,45.48591613769531,239.3699951171875
2023-12-07,192.85768127441406,146.8800048828125,136.11367797851562,325.0580139160156,366.7865295410156,46.57851028442383,242.63999938964844
2023-12-08,194.28721618652344,147.4199981689453,134.1852569580078,331.1891174316406,370.0296936035156,47.48816680908203,243.83999633789062
2023-12-11,191.77560424804688,145.88999938964844,132.495361328125,323.754150390625,367.132568359375,46.6094970703125,239.74000549316406
2023-12-12,193.29449462890625,147.47999572753906,131.72996520996094,332.6521911621094,370.177978515625,47.63911056518555,237.00999450683594
2023-12-13,196.52084350585938,148.83999633789062,131.77969360351562,333.1697692871094,370.16815185546875,48.06995391845703,239.2899932861328
2023-12-14,196.66976928710938,147.4199981689453,131.15342712402344,331.6071472167969,361.8228454589844,48.33184814453125,251.0500030517578
2023-12-15,196.13369750976562,149.97000122070312,131.80947875976562,333.34893798828125,366.5690002441406,48.871646881103516,253.5
2023-12-18,194.46591186523438,154.07000732421875,134.99041748046875,343.0033874511719,368.4673767089844,50.05820083618164,252.0800018310547
2023-12-19,195.50827026367188,153.7899932861328,135.83534240722656,348.71649169921875,369.0705871582031,49.58537673950195,257.2200012207031
2023-12-20,193.4136199951172,152.1199951171875,137.51527404785156,347.64154052734375,366.4601745605469,48.092933654785156,247.13999938964844
2023-12-21,193.26467895507812,153.83999633789062,139.58287048339844,352.4289855957031,369.347412109375,48.97161102294922,254.5
2023-12-22,192.19256591796875,153.4199981689453,140.64649963378906,351.7322998046875,370.375732421875,48.81167221069336,252.5399932861328
2023-12-26,191.64654541015625,153.41000366210938,140.6763153076172,353.1654968261719,370.4548645019531,49.260498046875,256.6099853515625
2023-12-27,191.74581909179688,153.33999633789062,139.53317260742188,356.1514587402344,369.8714904785156,49.3984489440918,261.44000244140625
2023-12-28,192.1726837158203,153.3800048828125,139.3939971923828,356.63916015625,371.0679016113281,49.50341033935547,253.17999267578125
2023-12-29,191.1303253173828,151.94000244140625,138.8572235107422,352.2995910644531,371.81939697265625,49.50341033935547,248.47999572753906
